2013-03-01,风衣,0.001264,0.004024,42.679913,3928
2013-03-01,T恤,0.003222,0.008929,25.592968,3356
2013-03-01,马夹,0.002208,0.000000,30.571429,658
2013-03-01,毛呢外套,0.003783,0.000000,19.600000,1539
2013-03-01,皮草,0.001624,0.000000,36.601602,2932
2013-03-01,毛衣,0.001923,0.000000,67.899471,8015
2013-03-01,牛仔裤,0.002882,0.001333,39.765111,532
2013-03-01,卫衣/绒衫,0.002823,0.000000,25.250000,883
2013-03-01,棉衣/棉服,0.003301,0.000000,21.281905,779
2013-03-01,半身裙,0.003102,0.005366,27.272874,3971
2013-03-01,衬衫,0.008159,0.009693,23.567073,6040
2013-03-01,羽绒服,0.002589,0.000000,37.071662,3621
2013-03-01,毛针织衫,0.002173,0.002907,32.719961,8801
2013-03-01,连衣裙,0.003362,0.005572,23.458042,4456
2013-03-01,短外套,0.002890,0.000000,29.400000,398
2013-03-01,裤子,0.002417,0.001675,34.136387,1515
2013-03-01,小背心/小吊带,0.003284,0.000000,20.026849,2032
2013-03-01,唐装/民族服装/舞台服装,0.000605,0.000000,15.000000,1359
2013-03-01,中老年女装,0.002597,0.000000,34.597321,1128
2013-03-01,蕾丝衫/雪纺衫,0.006704,0.037491,32.143373,12577
2013-03-01,西装,0.000000,0.000000,0.000000,278
2013-03-01,大码女装,0.002232,0.000000,26.750000,338
2013-03-02,风衣,0.001292,0.000000,23.500000,599
2013-03-02,T恤,0.003784,0.009282,26.948200,3043
2013-03-02,马夹,0.013889,0.000000,8.000000,8
2013-03-02,毛呢外套,0.000000,0.000000,0.000000,172
2013-03-02,皮草,0.001794,0.000000,39.408333,2501
2013-03-02,毛衣,0.002234,0.004950,74.423762,4553
2013-03-02,牛仔裤,0.002335,0.001095,38.923508,680
2013-03-02,卫衣/绒衫,0.001049,0.000000,20.629630,646
2013-03-02,棉衣/棉服,0.001973,0.000000,24.166667,563
2013-03-02,半身裙,0.002090,0.010090,25.924939,4512
2013-03-02,衬衫,0.007136,0.019046,24.174466,7728
2013-03-02,羽绒服,0.003270,0.000000,33.986259,4072
2013-03-02,毛针织衫,0.002426,0.000000,33.373744,3337
2013-03-02,连衣裙,0.003240,0.009386,18.767705,4737
2013-03-02,短外套,0.002894,0.000000,24.166667,279
2013-03-02,裤子,0.001242,0.002646,29.997330,1394
2013-03-02,小背心/小吊带,0.002949,0.000000,18.987698,1728
2013-03-02,唐装/民族服装/舞台服装,0.001152,0.000000,38.250000,1265
2013-03-02,中老年女装,0.000169,0.000000,28.125000,247
2013-03-02,蕾丝衫/雪纺衫,0.005817,0.007829,30.973297,11890
2013-03-02,西装,0.000000,0.000000,0.000000,305
2013-03-02,大码女装,0.003855,0.000000,25.708333,374
2013-03-03,风衣,0.000658,0.000000,28.625000,434
2013-03-03,T恤,0.002227,0.020061,24.681819,1422
2013-03-03,毛呢外套,0.000527,0.000000,34.000000,136
2013-03-03,皮草,0.002416,0.000000,32.091441,1642
2013-03-03,毛衣,0.004257,0.000405,34.878470,5025
2013-03-03,牛仔裤,0.003736,0.001290,43.697452,475
2013-03-03,卫衣/绒衫,0.001755,0.000000,26.615385,996
2013-03-03,棉衣/棉服,0.001618,0.000000,23.490476,319
2013-03-03,半身裙,0.001540,0.005695,27.894188,2025
2013-03-03,衬衫,0.005404,0.026300,24.272090,6591
2013-03-03,羽绒服,0.001482,0.031569,30.602861,3902
2013-03-03,毛针织衫,0.002699,0.028571,38.753759,4641
2013-03-03,连衣裙,0.006009,0.004641,22.500025,3086
2013-03-03,短外套,0.009637,0.000000,31.400000,138
2013-03-03,裤子,0.001707,0.004607,35.188763,1115
2013-03-03,小背心/小吊带,0.003993,0.017094,16.020258,1211
2013-03-03,唐装/民族服装/舞台服装,0.002023,0.000000,17.500000,1042
2013-03-03,中老年女装,0.007624,0.050000,24.633333,1289
2013-03-03,蕾丝衫/雪纺衫,0.002460,0.010553,31.183960,4630
2013-03-03,西装,0.005995,0.000000,25.000000,101
2013-03-03,职业套装/学生校服/工作制服,0.006217,0.000000,33.250000,38
2013-03-03,大码女装,0.002808,0.000000,21.160714,356
2013-03-04,风衣,0.002162,0.000000,29.750000,696
2013-03-04,T恤,0.002017,0.008532,26.088779,1563
2013-03-04,毛呢外套,0.001422,0.000000,26.145833,2263
2013-03-04,皮草,0.001952,0.008264,30.642114,2545
2013-03-04,毛衣,0.003723,0.000799,32.760240,3867
2013-03-04,牛仔裤,0.001855,0.003338,46.283063,585
2013-03-04,卫衣/绒衫,0.001784,0.066667,35.133333,835
2013-03-04,棉衣/棉服,0.002819,0.000000,25.335556,443
2013-03-04,半身裙,0.002531,0.003123,28.068526,1928
2013-03-04,衬衫,0.006160,0.031544,24.122762,8379
2013-03-04,羽绒服,0.002264,0.001916,34.078745,3671
2013-03-04,毛针织衫,0.002493,0.074405,34.617161,2592
2013-03-04,连衣裙,0.003650,0.002968,28.240859,4464
2013-03-04,短外套,0.001339,0.000000,25.309524,729
2013-03-04,裤子,0.001480,0.000686,32.491147,1383
2013-03-04,小背心/小吊带,0.003905,0.000575,31.121292,888
2013-03-04,唐装/民族服装/舞台服装,0.000702,0.000000,20.000000,1025
2013-03-04,中老年女装,0.000841,0.000000,21.250000,1697
2013-03-04,蕾丝衫/雪纺衫,0.003118,0.005198,34.242679,5671
2013-03-04,西装,0.002968,0.000000,24.458333,672
2013-03-04,职业套装/学生校服/工作制服,0.002072,0.000000,27.354167,671
2013-03-04,大码女装,0.001153,0.000000,42.883838,820
2013-03-05,风衣,0.002886,0.000000,28.095833,764
2013-03-05,T恤,0.002773,0.004324,36.582764,1767
2013-03-05,马夹,0.001899,0.000000,42.618750,1123
2013-03-05,毛呢外套,0.000909,0.000000,36.333333,1691
2013-03-05,皮草,0.001280,0.000000,36.141667,2012
2013-03-05,毛衣,0.004178,0.000563,36.635998,2171
2013-03-05,牛仔裤,0.002086,0.003501,48.766989,565
2013-03-05,卫衣/绒衫,0.001049,0.025000,40.875000,778
2013-03-05,棉衣/棉服,0.002818,0.010417,30.461806,646
2013-03-05,半身裙,0.001958,0.027424,35.326934,3230
2013-03-05,衬衫,0.006359,0.018517,29.270419,15273
2013-03-05,羽绒服,0.001693,0.000000,34.241220,4235
2013-03-05,毛针织衫,0.002830,0.002002,34.699129,2611
2013-03-05,连衣裙,0.003144,0.001827,34.620192,5791
2013-03-05,短外套,0.003813,0.000000,36.900000,537
2013-03-05,裤子,0.001423,0.000199,34.887717,979
2013-03-05,小背心/小吊带,0.004765,0.091127,29.853546,1252
2013-03-05,唐装/民族服装/舞台服装,0.002913,0.000000,16.500000,1104
2013-03-05,中老年女装,0.003605,0.000000,47.851282,1152
2013-03-05,蕾丝衫/雪纺衫,0.003042,0.003708,38.010968,5309
2013-03-05,西装,0.000635,0.000000,30.750000,661
2013-03-05,职业套装/学生校服/工作制服,0.001559,0.000000,36.375000,524
2013-03-05,大码女装,0.000996,0.000000,26.481481,560
2013-03-06,风衣,0.002451,0.000000,27.820833,903
2013-03-06,T恤,0.002947,0.014403,35.821181,1554
2013-03-06,马夹,0.002001,0.000000,33.688990,1584
2013-03-06,毛呢外套,0.001661,0.000000,34.625000,1417
2013-03-06,皮草,0.001784,0.050000,36.449242,1385
2013-03-06,毛衣,0.004133,0.000564,34.801461,1536
2013-03-06,牛仔裤,0.003393,0.000000,46.144898,466
2013-03-06,卫衣/绒衫,0.002739,0.000000,21.019608,782
2013-03-06,棉衣/棉服,0.002509,0.000000,28.925000,530
2013-03-06,半身裙,0.003148,0.000307,30.020291,2213
2013-03-06,衬衫,0.006483,0.016388,30.189090,10599
2013-03-06,羽绒服,0.003231,0.000000,33.409423,3505
2013-03-06,毛针织衫,0.001948,0.001414,49.034201,2331
2013-03-06,连衣裙,0.003298,0.003077,33.620878,3433
2013-03-06,短外套,0.003286,0.000000,31.144444,436
2013-03-06,裤子,0.003093,0.000791,36.108709,723
2013-03-06,小背心/小吊带,0.003048,0.004815,32.117646,1380
2013-03-06,唐装/民族服装/舞台服装,0.001658,0.000000,29.166667,1128
2013-03-06,中老年女装,0.006300,0.000000,36.308333,1382
2013-03-06,蕾丝衫/雪纺衫,0.004075,0.005671,39.332508,4487
2013-03-06,西装,0.002196,0.000000,31.066667,457
2013-03-06,职业套装/学生校服/工作制服,0.005983,0.000000,28.902778,397
2013-03-06,大码女装,0.001412,0.000000,24.933333,594
2013-03-07,风衣,0.001590,0.000000,38.026190,841
2013-03-07,T恤,0.002684,0.015484,32.642575,1151
2013-03-07,马夹,0.001875,0.000000,36.277778,1191
2013-03-07,毛呢外套,0.000692,0.000000,36.800000,1032
2013-03-07,皮草,0.001980,0.000000,26.822917,808
2013-03-07,毛衣,0.003638,0.000738,35.979570,1533
2013-03-07,牛仔裤,0.001213,0.012351,51.082745,542
2013-03-07,卫衣/绒衫,0.002347,0.000000,35.395833,547
2013-03-07,棉衣/棉服,0.001307,0.000000,35.669388,583
2013-03-07,半身裙,0.003439,0.008534,27.808840,1715
2013-03-07,衬衫,0.006418,0.011472,25.133656,7345
2013-03-07,羽绒服,0.001669,0.000000,43.284712,2174
2013-03-07,毛针织衫,0.001643,0.006250,66.179167,1655
2013-03-07,连衣裙,0.003242,0.002721,32.746453,2457
2013-03-07,短外套,0.001242,0.000000,35.208333,301
2013-03-07,裤子,0.002027,0.010598,36.021335,642
2013-03-07,小背心/小吊带,0.003940,0.001670,28.308925,1222
2013-03-07,唐装/民族服装/舞台服装,0.001325,0.000000,59.000000,978
2013-03-07,中老年女装,0.009213,0.000000,35.192619,1828
2013-03-07,蕾丝衫/雪纺衫,0.003998,0.001708,39.618108,4751
2013-03-07,西装,0.002369,0.000000,27.944444,533
2013-03-07,职业套装/学生校服/工作制服,0.002979,0.000000,30.925000,278
2013-03-07,大码女装,0.002710,0.250000,29.675000,388
2013-03-08,风衣,0.001923,0.000000,26.999320,869
2013-03-08,T恤,0.003058,0.048477,29.324911,1045
2013-03-08,马夹,0.001986,0.111111,35.074074,1102
2013-03-08,毛呢外套,0.002003,0.000000,32.000000,842
2013-03-08,皮草,0.001456,0.000000,29.833333,1176
2013-03-08,毛衣,0.003227,0.000296,43.397634,1429
2013-03-08,牛仔裤,0.001337,0.084475,61.404049,578
2013-03-08,卫衣/绒衫,0.000929,0.000000,38.750000,386
2013-03-08,棉衣/棉服,0.001326,0.000000,41.285714,340
2013-03-08,半身裙,0.002230,0.005262,26.517618,2147
2013-03-08,衬衫,0.006814,0.023772,23.374054,5365
2013-03-08,羽绒服,0.000431,0.013514,42.581081,1183
2013-03-08,毛针织衫,0.002169,0.094815,41.399259,1338
2013-03-08,连衣裙,0.002231,0.005263,29.988708,1353
2013-03-08,短外套,0.001702,0.000000,33.879012,619
2013-03-08,裤子,0.002174,0.016742,34.953570,659
2013-03-08,小背心/小吊带,0.004285,0.005999,31.991807,1303
2013-03-08,唐装/民族服装/舞台服装,0.001899,0.000000,31.875000,1197
2013-03-08,中老年女装,0.005709,0.000000,41.016837,1601
2013-03-08,蕾丝衫/雪纺衫,0.003279,0.011299,28.546216,3243
2013-03-08,西装,0.000517,0.000000,25.750000,844
2013-03-08,职业套装/学生校服/工作制服,0.003069,0.000000,30.750000,563
2013-03-08,大码女装,0.001488,0.000000,31.333333,237
2013-03-09,风衣,0.005489,0.000000,25.320000,873
2013-03-09,T恤,0.004807,0.014178,28.236393,1194
2013-03-09,马夹,0.001579,0.000000,44.592593,884
2013-03-09,毛呢外套,0.002713,0.022727,15.543434,1000
2013-03-09,皮草,0.001372,0.000000,30.704167,1064
2013-03-09,毛衣,0.002587,0.000606,42.154026,1270
2013-03-09,牛仔裤,0.003053,0.003482,59.640903,780
2013-03-09,卫衣/绒衫,0.002526,0.000000,36.222222,467
2013-03-09,棉衣/棉服,0.001607,0.000000,31.015873,1359
2013-03-09,半身裙,0.003058,0.049478,23.305826,1541
2013-03-09,衬衫,0.009790,0.009041,21.678689,6290
2013-03-09,羽绒服,0.000657,0.000000,53.095238,2072
2013-03-09,毛针织衫,0.002304,0.000999,28.662621,807
2013-03-09,连衣裙,0.002861,0.001411,26.453169,1313
2013-03-09,短外套,0.003362,0.000000,27.349432,701
2013-03-09,裤子,0.002665,0.011037,39.682192,820
2013-03-09,小背心/小吊带,0.005077,0.044174,27.063919,1496
2013-03-09,唐装/民族服装/舞台服装,0.004567,0.000000,21.300000,1265
2013-03-09,中老年女装,0.002759,0.000000,39.248299,1360
2013-03-09,蕾丝衫/雪纺衫,0.003690,0.002073,31.594212,3573
2013-03-09,西装,0.001781,0.000000,16.166667,389
2013-03-09,职业套装/学生校服/工作制服,0.003568,0.000000,27.583333,256
2013-03-09,大码女装,0.001674,0.000000,33.555556,364
2013-03-10,风衣,0.002143,0.000000,24.598266,855
2013-03-10,T恤,0.005324,0.008366,30.132094,1099
2013-03-10,马夹,0.002040,0.000000,34.269841,992
2013-03-10,毛呢外套,0.003377,0.000000,16.511905,599
2013-03-10,皮草,0.001310,0.000000,27.501382,2608
2013-03-10,毛衣,0.001555,0.004540,45.664179,1612
2013-03-10,牛仔裤,0.001782,0.002213,61.779010,549
2013-03-10,卫衣/绒衫,0.001024,0.000000,39.750000,362
2013-03-10,棉衣/棉服,0.001543,0.000000,40.253205,534
2013-03-10,婚纱/旗袍/礼服,0.003619,0.000000,24.640476,91
2013-03-10,半身裙,0.003015,0.008099,28.029006,1200
2013-03-10,衬衫,0.006678,0.016320,21.429884,4810
2013-03-10,羽绒服,0.000522,0.008547,50.726496,1347
2013-03-10,毛针织衫,0.002613,0.000000,28.916171,815
2013-03-10,连衣裙,0.002354,0.004132,26.159533,1046
2013-03-10,短外套,0.001238,0.000000,29.523932,737
2013-03-10,裤子,0.005052,0.006363,33.188095,637
2013-03-10,小背心/小吊带,0.004374,0.047917,32.785014,1382
2013-03-10,唐装/民族服装/舞台服装,0.004119,0.000000,43.833333,616
2013-03-10,中老年女装,0.002276,0.000000,44.800992,1654
2013-03-10,蕾丝衫/雪纺衫,0.002642,0.002864,31.157717,4441
2013-03-10,西装,0.002128,0.000000,19.400000,649
2013-03-10,职业套装/学生校服/工作制服,0.000827,0.000000,45.833333,250
2013-03-10,大码女装,0.005348,0.350000,39.700000,315
2013-03-11,风衣,0.004697,0.000000,22.111255,948
2013-03-11,T恤,0.003618,0.012117,27.302063,1535
2013-03-11,马夹,0.001265,0.000000,39.797619,870
2013-03-11,毛呢外套,0.001496,0.000000,10.846429,691
2013-03-11,皮草,0.002878,0.000000,29.398065,2036
2013-03-11,毛衣,0.006170,0.001847,32.323283,1540
2013-03-11,牛仔裤,0.001481,0.002300,46.977207,657
2013-03-11,卫衣/绒衫,0.004110,0.000000,32.400000,364
2013-03-11,棉衣/棉服,0.001692,0.000000,27.548413,817
2013-03-11,婚纱/旗袍/礼服,0.003472,0.000000,23.652098,318
2013-03-11,半身裙,0.002131,0.079449,20.860878,1675
2013-03-11,衬衫,0.005743,0.017515,22.706720,5327
2013-03-11,羽绒服,0.001725,0.003472,31.633955,2620
2013-03-11,毛针织衫,0.003096,0.000000,28.941261,720
2013-03-11,连衣裙,0.002639,0.001829,26.302302,1230
2013-03-11,短外套,0.003473,0.000000,31.317526,753
2013-03-11,裤子,0.001981,0.000269,34.394032,892
2013-03-11,小背心/小吊带,0.004124,0.018512,30.141994,1419
2013-03-11,唐装/民族服装/舞台服装,0.000575,0.000000,20.000000,760
2013-03-11,中老年女装,0.002717,0.000000,24.904762,1866
2013-03-11,蕾丝衫/雪纺衫,0.002887,0.003565,25.942712,6120
2013-03-11,西装,0.001833,0.000000,28.500000,374
2013-03-11,职业套装/学生校服/工作制服,0.000855,0.000000,35.333333,354
2013-03-11,大码女装,0.003401,0.000000,26.450000,396
2013-03-12,风衣,0.002612,0.000000,19.545238,660
2013-03-12,T恤,0.003742,0.001163,31.308460,1394
2013-03-12,马夹,0.001233,0.000000,22.416667,603
2013-03-12,毛呢外套,0.003015,0.000000,8.629684,575
2013-03-12,皮草,0.001860,0.000000,26.958333,1275
2013-03-12,毛衣,0.003194,0.001737,44.029295,1266
2013-03-12,牛仔裤,0.002412,0.001103,48.202766,605
2013-03-12,卫衣/绒衫,0.001968,0.000000,34.500000,343
2013-03-12,棉衣/棉服,0.001752,0.000000,34.885714,736
2013-03-12,婚纱/旗袍/礼服,0.002603,0.013072,26.279412,184
2013-03-12,半身裙,0.002637,0.045797,25.789335,1716
2013-03-12,衬衫,0.005261,0.015741,22.976851,4870
2013-03-12,羽绒服,0.001267,0.000000,42.015463,5961
2013-03-12,毛针织衫,0.004637,0.044118,23.313618,693
2013-03-12,连衣裙,0.003276,0.003649,24.478424,1021
2013-03-12,短外套,0.001967,0.000000,46.338699,1136
2013-03-12,裤子,0.001915,0.000223,33.654620,902
2013-03-12,小背心/小吊带,0.004094,0.005675,32.604721,1419
2013-03-12,唐装/民族服装/舞台服装,0.001679,0.000000,23.000000,950
2013-03-12,中老年女装,0.002470,0.000000,31.354212,1163
2013-03-12,蕾丝衫/雪纺衫,0.003205,0.001245,29.612905,5374
2013-03-12,西装,0.001794,0.000000,19.166667,267
2013-03-12,职业套装/学生校服/工作制服,0.002398,0.000000,23.380952,330
2013-03-12,大码女装,0.003407,0.000000,29.666667,402
2013-03-13,风衣,0.002985,0.033333,17.541693,1244
2013-03-13,T恤,0.005568,0.003114,24.759366,1302
2013-03-13,马夹,0.000740,0.000000,17.250000,453
2013-03-13,毛呢外套,0.002931,0.000000,15.728132,1160
2013-03-13,皮草,0.002160,0.000000,29.428912,3972
2013-03-13,毛衣,0.002409,0.002131,40.753047,1702
2013-03-13,牛仔裤,0.002132,0.009259,53.596801,661
2013-03-13,卫衣/绒衫,0.001406,0.000000,23.388889,284
2013-03-13,棉衣/棉服,0.004744,0.000000,19.235714,950
2013-03-13,婚纱/旗袍/礼服,0.002856,0.000000,10.666667,868
2013-03-13,皮衣,0.000000,0.000000,0.000000,439
2013-03-13,半身裙,0.002906,0.006972,25.800317,1588
2013-03-13,衬衫,0.006934,0.014208,23.291801,4850
2013-03-13,羽绒服,0.002871,0.000000,16.030193,4957
2013-03-13,毛针织衫,0.004052,0.008772,24.932654,806
2013-03-13,连衣裙,0.003982,0.003094,24.374661,1099
2013-03-13,短外套,0.001909,0.000000,31.121429,925
2013-03-13,裤子,0.002246,0.000278,32.821919,1006
2013-03-13,小背心/小吊带,0.003520,0.000318,34.680531,902
2013-03-13,唐装/民族服装/舞台服装,0.002806,0.000000,24.416667,882
2013-03-13,中老年女装,0.002612,0.000000,33.101190,978
2013-03-13,蕾丝衫/雪纺衫,0.004863,0.001036,23.656005,4538
2013-03-13,西装,0.001555,0.000000,16.333333,567
2013-03-13,职业套装/学生校服/工作制服,0.001312,0.000000,36.666667,367
2013-03-13,大码女装,0.002015,0.000000,33.416667,350
2013-03-14,风衣,0.003132,0.002820,24.848684,1131
2013-03-14,T恤,0.003785,0.016575,32.908629,1260
2013-03-14,马夹,0.001636,0.000000,25.810000,473
2013-03-14,毛呢外套,0.002566,0.000000,16.340842,655
2013-03-14,皮草,0.001674,0.000000,37.820533,3838
2013-03-14,毛衣,0.001978,0.003403,42.387321,1808
2013-03-14,牛仔裤,0.003345,0.046859,52.618443,690
2013-03-14,卫衣/绒衫,0.002844,0.000000,17.125000,263
2013-03-14,棉衣/棉服,0.001000,0.000000,26.302222,929
2013-03-14,婚纱/旗袍/礼服,0.002360,0.000000,17.450000,61
2013-03-14,皮衣,0.000471,0.000000,4.000000,352
2013-03-14,半身裙,0.001990,0.008607,26.340626,1650
2013-03-14,衬衫,0.005473,0.015438,23.582505,5796
2013-03-14,羽绒服,0.001767,0.005263,31.880263,5078
2013-03-14,毛针织衫,0.003232,0.000000,30.286843,526
2013-03-14,连衣裙,0.003092,0.003243,25.173375,906
2013-03-14,短外套,0.002737,0.000000,27.900794,883
2013-03-14,裤子,0.003049,0.001588,24.883870,1132
2013-03-14,小背心/小吊带,0.004924,0.019527,32.157890,1074
2013-03-14,唐装/民族服装/舞台服装,0.001224,0.000000,20.333333,1024
2013-03-14,中老年女装,0.003699,0.000000,32.609848,937
2013-03-14,蕾丝衫/雪纺衫,0.002496,0.000743,33.304259,4729
2013-03-14,西装,0.004124,0.000000,22.055556,396
2013-03-14,职业套装/学生校服/工作制服,0.002002,0.000000,28.937500,364
2013-03-14,大码女装,0.002823,0.000000,25.642857,276
2013-03-15,风衣,0.002437,0.000000,21.610386,2296
2013-03-15,T恤,0.003183,0.008723,28.758182,1167
2013-03-15,马夹,0.002747,0.000000,31.000000,470
2013-03-15,毛呢外套,0.002467,0.000000,17.047114,601
2013-03-15,皮草,0.002668,0.000000,25.371921,2587
2013-03-15,毛衣,0.002416,0.001100,34.944808,1943
2013-03-15,牛仔裤,0.002403,0.004775,51.052125,1173
2013-03-15,卫衣/绒衫,0.002452,0.000000,17.800000,281
2013-03-15,棉衣/棉服,0.002360,0.000000,23.983333,1187
2013-03-15,婚纱/旗袍/礼服,0.005986,0.000000,18.888889,68
2013-03-15,皮衣,0.002840,0.000000,4.600000,438
2013-03-15,半身裙,0.002717,0.006554,25.762232,1693
2013-03-15,衬衫,0.005358,0.038200,21.050287,4855
2013-03-15,羽绒服,0.000902,0.000000,14.986111,5401
2013-03-15,毛针织衫,0.003311,0.030920,31.135423,848
2013-03-15,连衣裙,0.004290,0.000952,25.281761,2324
2013-03-15,短外套,0.002622,0.000000,30.125000,770
2013-03-15,裤子,0.002870,0.000000,27.914313,1107
2013-03-15,小背心/小吊带,0.003573,0.038353,33.435253,1383
2013-03-15,唐装/民族服装/舞台服装,0.000521,0.000000,15.000000,936
2013-03-15,中老年女装,0.003088,0.000000,30.787500,773
2013-03-15,蕾丝衫/雪纺衫,0.003770,0.004864,27.995952,3073
2013-03-15,西装,0.004456,0.000000,18.625000,432
2013-03-15,职业套装/学生校服/工作制服,0.001916,0.000000,19.500000,332
2013-03-15,大码女装,0.004341,0.000000,48.588710,970
2013-03-16,风衣,0.002034,0.000000,18.701151,3034
2013-03-16,T恤,0.003109,0.005470,28.365304,998
2013-03-16,毛呢外套,0.002346,0.000000,10.669697,498
2013-03-16,皮草,0.002448,0.000000,29.589044,2321
2013-03-16,毛衣,0.003604,0.000208,34.826475,2019
2013-03-16,牛仔裤,0.002001,0.002210,55.082812,1087
2013-03-16,卫衣/绒衫,0.001789,0.000000,14.500000,333
2013-03-16,棉衣/棉服,0.007802,0.000000,28.500000,251
2013-03-16,婚纱/旗袍/礼服,0.002405,0.000000,8.766667,1281
2013-03-16,皮衣,0.000551,0.000000,5.000000,587
2013-03-16,半身裙,0.003427,0.041333,25.723992,1630
2013-03-16,衬衫,0.005698,0.003586,20.306280,3319
2013-03-16,羽绒服,0.002426,0.000000,18.922748,5006
2013-03-16,毛针织衫,0.003623,0.000000,23.467857,691
2013-03-16,连衣裙,0.002802,0.004234,21.339658,1430
2013-03-16,短外套,0.002004,0.000000,29.905983,989
2013-03-16,裤子,0.001938,0.003827,27.779407,1048
2013-03-16,小背心/小吊带,0.003183,0.003898,24.771144,534
2013-03-16,唐装/民族服装/舞台服装,0.001561,0.000000,31.500000,652
2013-03-16,中老年女装,0.007445,0.000000,30.875000,1586
2013-03-16,蕾丝衫/雪纺衫,0.002857,0.003584,29.634189,2863
2013-03-16,西装,0.001021,0.000000,22.676768,513
2013-03-16,职业套装/学生校服/工作制服,0.001304,0.000000,31.150000,357
2013-03-16,大码女装,0.000529,0.000000,63.888889,1524
2013-03-17,风衣,0.002742,0.076923,22.021779,2173
2013-03-17,T恤,0.003664,0.008491,27.890668,790
2013-03-17,毛呢外套,0.003225,0.000000,16.316746,615
2013-03-17,皮草,0.002117,0.000000,28.450000,1289
2013-03-17,毛衣,0.002485,0.001643,36.715926,1980
2013-03-17,牛仔裤,0.002444,0.006222,39.178600,1123
2013-03-17,卫衣/绒衫,0.005314,0.000000,19.800000,240
2013-03-17,棉衣/棉服,0.002990,0.000000,31.000000,435
2013-03-17,婚纱/旗袍/礼服,0.000894,0.000000,7.500000,1160
2013-03-17,皮衣,0.006477,0.000000,9.333333,308
2013-03-17,半身裙,0.003916,0.001567,24.520243,1396
2013-03-17,衬衫,0.006003,0.011828,19.911614,3070
2013-03-17,羽绒服,0.001742,0.008772,28.529240,1994
2013-03-17,毛针织衫,0.003422,0.001361,23.051781,577
2013-03-17,连衣裙,0.002974,0.039255,23.071960,762
2013-03-17,短外套,0.002821,0.000000,29.583095,925
2013-03-17,裤子,0.001916,0.001818,25.695311,769
2013-03-17,小背心/小吊带,0.004910,0.024242,23.633668,1304
2013-03-17,唐装/民族服装/舞台服装,0.001247,0.000000,33.500000,741
2013-03-17,中老年女装,0.004091,0.000000,28.214286,1565
2013-03-17,蕾丝衫/雪纺衫,0.003555,0.001569,26.010966,3693
2013-03-17,西装,0.001867,0.000000,16.857143,519
2013-03-17,职业套装/学生校服/工作制服,0.002851,0.000000,19.350000,374
2013-03-17,大码女装,0.000467,0.000000,23.000000,407
2013-03-18,风衣,0.002637,0.000367,28.281959,4060
2013-03-18,T恤,0.003529,0.011564,26.901511,1059
2013-03-18,毛呢外套,0.002620,0.000000,14.226326,767
2013-03-18,皮草,0.001397,0.000000,28.049808,2546
2013-03-18,毛衣,0.003314,0.001317,34.096439,3534
2013-03-18,牛仔裤,0.001609,0.012718,51.552842,1958
2013-03-18,卫衣/绒衫,0.001628,0.000000,24.700000,362
2013-03-18,棉衣/棉服,0.002101,0.000000,36.583333,481
2013-03-18,婚纱/旗袍/礼服,0.004872,0.000000,74.267424,1281
2013-03-18,皮衣,0.000860,0.000000,7.666667,441
2013-03-18,半身裙,0.002342,0.029830,23.210286,1341
2013-03-18,衬衫,0.005077,0.006397,22.759700,2860
2013-03-18,羽绒服,0.001626,0.000000,24.482558,3902
2013-03-18,毛针织衫,0.002533,0.008876,25.931434,561
2013-03-18,连衣裙,0.003785,0.001006,22.650264,778
2013-03-18,短外套,0.002657,0.000000,35.571429,1159
2013-03-18,裤子,0.002459,0.001995,27.984688,815
2013-03-18,小背心/小吊带,0.005261,0.001675,24.484590,1231
2013-03-18,唐装/民族服装/舞台服装,0.002123,0.000000,13.500000,753
2013-03-18,中老年女装,0.002990,0.000000,7.882143,155
2013-03-18,蕾丝衫/雪纺衫,0.003379,0.001001,29.109055,3517
2013-03-18,西装,0.003342,0.000000,14.595833,598
2013-03-18,职业套装/学生校服/工作制服,0.000797,0.000000,37.500000,353
2013-03-18,大码女装,0.002055,0.000000,23.500000,302
2013-03-19,风衣,0.003258,0.000896,22.234349,2826
2013-03-19,T恤,0.003481,0.015948,22.813672,732
2013-03-19,马夹,0.002086,0.000000,39.125000,594
2013-03-19,毛呢外套,0.002898,0.000000,18.205882,496
2013-03-19,皮草,0.001607,0.000000,28.064815,1894
2013-03-19,毛衣,0.004234,0.000953,25.157054,2551
2013-03-19,牛仔裤,0.001470,0.002551,41.085425,2202
2013-03-19,卫衣/绒衫,0.003972,0.000000,18.630208,315
2013-03-19,棉衣/棉服,0.002403,0.000000,27.160119,839
2013-03-19,婚纱/旗袍/礼服,0.003640,0.000000,11.333333,611
2013-03-19,皮衣,0.006599,0.000000,14.666667,350
2013-03-19,半身裙,0.004588,0.008602,19.805147,1010
2013-03-19,衬衫,0.005076,0.028716,19.603001,2304
2013-03-19,羽绒服,0.001643,0.000000,24.002976,3154
2013-03-19,毛针织衫,0.002851,0.002034,21.500534,623
2013-03-19,连衣裙,0.004347,0.001304,22.756762,662
2013-03-19,短外套,0.002319,0.000000,29.376091,1028
2013-03-19,裤子,0.003164,0.023816,25.793679,646
2013-03-19,小背心/小吊带,0.003513,0.029607,23.657902,1201
2013-03-19,唐装/民族服装/舞台服装,0.000779,0.000000,26.000000,761
2013-03-19,中老年女装,0.002370,0.000000,13.933333,285
2013-03-19,蕾丝衫/雪纺衫,0.003876,0.002766,30.874189,3593
2013-03-19,西装,0.002533,0.000000,11.145833,647
2013-03-19,职业套装/学生校服/工作制服,0.002594,0.000000,27.194444,256
2013-03-19,大码女装,0.001168,0.000000,29.600000,401
2013-03-20,风衣,0.002981,0.000984,22.799623,2261
2013-03-20,T恤,0.003906,0.025689,20.862379,607
2013-03-20,马夹,0.001117,0.000000,28.000000,118
2013-03-20,毛呢外套,0.002634,0.000000,18.258889,491
2013-03-20,皮草,0.001808,0.000000,24.070707,2004
2013-03-20,毛衣,0.003202,0.001260,25.902856,1954
2013-03-20,牛仔裤,0.003050,0.001236,40.913310,1944
2013-03-20,卫衣/绒衫,0.002921,0.000000,15.625000,246
2013-03-20,棉衣/棉服,0.002039,0.000000,22.533333,485
2013-03-20,婚纱/旗袍/礼服,0.002993,0.000000,14.000000,591
2013-03-20,皮衣,0.001992,0.000000,18.000000,208
2013-03-20,半身裙,0.002826,0.102831,21.530880,897
2013-03-20,衬衫,0.004781,0.005275,20.204644,3167
2013-03-20,羽绒服,0.002089,0.000000,25.838534,2615
2013-03-20,毛针织衫,0.002764,0.000667,21.521669,636
2013-03-20,连衣裙,0.003214,0.003585,21.155493,594
2013-03-20,短外套,0.002790,0.000000,33.720372,733
2013-03-20,裤子,0.002234,0.000000,30.690261,594
2013-03-20,小背心/小吊带,0.003884,0.092101,19.013918,913
2013-03-20,唐装/民族服装/舞台服装,0.003227,0.000000,26.375000,826
2013-03-20,中老年女装,0.002447,0.000000,8.943182,171
2013-03-20,蕾丝衫/雪纺衫,0.003534,0.002113,31.006514,2673
2013-03-20,西装,0.004400,0.000000,16.723214,576
2013-03-20,职业套装/学生校服/工作制服,0.001523,0.000000,18.000000,222
2013-03-20,大码女装,0.002087,0.000000,39.541667,1513
2013-03-21,风衣,0.003242,0.000946,22.559669,4499
2013-03-21,T恤,0.004190,0.001992,23.378194,723
2013-03-21,马夹,0.000000,0.000000,0.000000,216
2013-03-21,毛呢外套,0.002933,0.066667,12.708889,412
2013-03-21,皮草,0.000935,0.000000,23.112374,2178
2013-03-21,毛衣,0.002109,0.001291,26.092619,1774
2013-03-21,牛仔裤,0.002701,0.062333,43.949964,2376
2013-03-21,卫衣/绒衫,0.002225,0.000000,16.812500,262
2013-03-21,棉衣/棉服,0.001157,0.000000,21.833333,472
2013-03-21,婚纱/旗袍/礼服,0.000844,0.000000,18.500000,599
2013-03-21,皮衣,0.002353,0.000000,14.000000,262
2013-03-21,半身裙,0.003703,0.001436,19.864005,1121
2013-03-21,衬衫,0.005726,0.009001,22.709353,4570
2013-03-21,羽绒服,0.002608,0.000000,35.702128,2495
2013-03-21,毛针织衫,0.002944,0.001374,20.553246,1094
2013-03-21,连衣裙,0.002949,0.006360,23.301333,771
2013-03-21,短外套,0.002012,0.000000,29.569857,1354
2013-03-21,裤子,0.002238,0.003676,28.084456,768
2013-03-21,小背心/小吊带,0.004099,0.015613,26.646687,1142
2013-03-21,唐装/民族服装/舞台服装,0.000505,0.000000,16.000000,911
2013-03-21,中老年女装,0.001945,0.000000,10.214286,165
2013-03-21,蕾丝衫/雪纺衫,0.004058,0.003613,30.227683,3831
2013-03-21,西装,0.002016,0.000000,19.500777,1309
2013-03-21,职业套装/学生校服/工作制服,0.002783,0.000000,15.785714,260
2013-03-21,大码女装,0.002113,0.000000,48.914286,778
2013-03-22,风衣,0.001922,0.001220,32.916362,3595
2013-03-22,T恤,0.003494,0.006226,19.755228,735
2013-03-22,马夹,0.005682,0.000000,6.000000,176
2013-03-22,毛呢外套,0.002200,0.000000,13.718254,418
2013-03-22,皮草,0.000842,0.000000,23.423810,1938
2013-03-22,毛衣,0.002099,0.000437,22.490793,1386
2013-03-22,牛仔裤,0.003075,0.005085,44.514477,1772
2013-03-22,卫衣/绒衫,0.001042,0.000000,21.350000,225
2013-03-22,棉衣/棉服,0.003397,0.000000,19.066667,581
2013-03-22,婚纱/旗袍/礼服,0.003600,0.000000,11.000000,654
2013-03-22,皮衣,0.004528,0.000000,8.222222,254
2013-03-22,半身裙,0.002009,0.003947,21.914348,1179
2013-03-22,衬衫,0.004223,0.010120,22.524517,4083
2013-03-22,羽绒服,0.003246,0.000000,33.774038,3325
2013-03-22,毛针织衫,0.002258,0.012560,20.501931,822
2013-03-22,连衣裙,0.002847,0.001007,23.146651,721
2013-03-22,短外套,0.001691,0.000000,31.725243,1494
2013-03-22,裤子,0.002399,0.000000,24.723640,665
2013-03-22,小背心/小吊带,0.003282,0.022477,27.083666,1176
2013-03-22,唐装/民族服装/舞台服装,0.000626,0.000000,30.000000,851
2013-03-22,中老年女装,0.002992,0.017544,8.114035,135
2013-03-22,蕾丝衫/雪纺衫,0.003835,0.001212,30.578922,4582
2013-03-22,西装,0.002806,0.000000,24.341026,825
2013-03-22,职业套装/学生校服/工作制服,0.001973,0.000000,18.046667,290
2013-03-22,大码女装,0.001491,0.000000,36.857143,324
2013-03-23,风衣,0.002760,0.001603,32.720264,1571
2013-03-23,T恤,0.004272,0.024885,22.185030,888
2013-03-23,马夹,0.000000,0.000000,0.000000,256
2013-03-23,毛呢外套,0.002210,0.000000,15.625000,270
2013-03-23,皮草,0.001578,0.000000,26.787037,1297
2013-03-23,毛衣,0.001462,0.000784,24.415294,1157
2013-03-23,牛仔裤,0.000880,0.001280,41.832024,846
2013-03-23,卫衣/绒衫,0.001259,0.111111,17.888889,211
2013-03-23,棉衣/棉服,0.002095,0.000000,18.666667,498
2013-03-23,婚纱/旗袍/礼服,0.001650,0.000000,13.000000,507
2013-03-23,皮衣,0.001413,0.000000,8.666667,301
2013-03-23,半身裙,0.002793,0.001284,22.708526,1525
2013-03-23,衬衫,0.003264,0.012848,29.371945,6304
2013-03-23,羽绒服,0.002544,0.000000,35.772727,2627
2013-03-23,毛针织衫,0.001775,0.010287,30.975180,959
2013-03-23,连衣裙,0.002696,0.001334,26.647602,1105
2013-03-23,短外套,0.001386,0.000000,37.365766,1363
2013-03-23,裤子,0.002781,0.001656,28.360849,880
2013-03-23,小背心/小吊带,0.003311,0.034884,25.210910,1265
2013-03-23,唐装/民族服装/舞台服装,0.001484,0.000000,27.000000,748
2013-03-23,中老年女装,0.001647,0.000000,10.271053,206
2013-03-23,蕾丝衫/雪纺衫,0.003980,0.008492,26.400107,3931
2013-03-23,西装,0.003517,0.000000,18.697500,457
2013-03-23,职业套装/学生校服/工作制服,0.001821,0.000000,25.200000,279
2013-03-23,大码女装,0.002684,0.000000,36.684211,754
2013-03-24,风衣,0.003478,0.000000,19.558730,1293
2013-03-24,T恤,0.004543,0.010550,20.377313,686
2013-03-24,马夹,0.000000,0.000000,0.000000,143
2013-03-24,毛呢外套,0.004039,0.000000,13.281250,398
2013-03-24,皮草,0.002089,0.000000,25.250000,762
2013-03-24,毛衣,0.002343,0.000936,25.339832,1048
2013-03-24,牛仔裤,0.001809,0.002616,37.603135,740
2013-03-24,卫衣/绒衫,0.001021,0.000000,25.250000,187
2013-03-24,棉衣/棉服,0.002731,0.000000,20.466667,476
2013-03-24,婚纱/旗袍/礼服,0.003974,0.000000,12.000000,533
2013-03-24,皮衣,0.004872,0.000000,8.333333,221
2013-03-24,半身裙,0.003570,0.004508,21.099592,1167
2013-03-24,衬衫,0.004604,0.012483,24.147544,5047
2013-03-24,羽绒服,0.002315,0.000000,27.054054,1625
2013-03-24,毛针织衫,0.003204,0.000447,25.741761,1001
2013-03-24,连衣裙,0.004105,0.001100,24.784856,806
2013-03-24,短外套,0.002409,0.012500,25.454569,1639
2013-03-24,裤子,0.002676,0.009855,28.374090,815
2013-03-24,小背心/小吊带,0.004255,0.012469,26.553417,1298
2013-03-24,唐装/民族服装/舞台服装,0.000880,0.000000,20.000000,545
2013-03-24,中老年女装,0.005976,0.000000,7.848333,205
2013-03-24,蕾丝衫/雪纺衫,0.004199,0.002369,25.151873,3120
2013-03-24,西装,0.003025,0.000000,23.583694,659
2013-03-24,职业套装/学生校服/工作制服,0.001550,0.000000,17.958333,306
2013-03-24,大码女装,0.002713,0.000000,19.071429,387
2013-03-25,风衣,0.002920,0.004487,22.472161,2375
2013-03-25,T恤,0.007242,0.011035,21.329578,724
2013-03-25,马夹,0.000000,0.000000,0.000000,106
2013-03-25,毛呢外套,0.003091,0.000000,18.536790,632
2013-03-25,皮草,0.001321,0.000000,25.044444,1422
2013-03-25,毛衣,0.002965,0.000470,26.734701,1220
2013-03-25,牛仔裤,0.001575,0.004567,42.047546,787
2013-03-25,卫衣/绒衫,0.003884,0.000000,22.928571,219
2013-03-25,棉衣/棉服,0.001135,0.000000,30.111111,729
2013-03-25,婚纱/旗袍/礼服,0.001528,0.000000,23.166667,1136
2013-03-25,皮衣,0.003182,0.000000,16.916667,271
2013-03-25,半身裙,0.002311,0.001807,21.517957,1004
2013-03-25,衬衫,0.004601,0.005003,26.868457,4192
2013-03-25,羽绒服,0.003444,0.000000,24.257742,2735
2013-03-25,毛针织衫,0.002738,0.000000,25.893509,1012
2013-03-25,连衣裙,0.003487,0.007471,25.623034,816
2013-03-25,短外套,0.002123,0.006536,28.355894,1617
2013-03-25,裤子,0.003553,0.011674,29.130591,786
2013-03-25,小背心/小吊带,0.003149,0.013978,39.830846,720
2013-03-25,唐装/民族服装/舞台服装,0.000843,0.000000,64.000000,554
2013-03-25,中老年女装,0.002491,0.000000,8.156324,218
2013-03-25,蕾丝衫/雪纺衫,0.003735,0.000333,28.058979,3620
2013-03-25,西装,0.001287,0.006211,25.438421,565
2013-03-25,职业套装/学生校服/工作制服,0.001487,0.000000,20.250000,254
2013-03-25,大码女装,0.008762,0.038462,26.307692,903
2013-03-26,风衣,0.003158,0.000000,23.656622,1500
2013-03-26,T恤,0.006466,0.047588,20.803029,877
2013-03-26,马夹,0.000000,0.000000,0.000000,161
2013-03-26,毛呢外套,0.003420,0.000000,16.214787,739
2013-03-26,皮草,0.001859,0.000000,26.629573,2723
2013-03-26,毛衣,0.003125,0.001035,25.962652,2214
2013-03-26,牛仔裤,0.004225,0.001929,44.013049,1327
2013-03-26,卫衣/绒衫,0.006525,0.035714,20.738095,298
2013-03-26,棉衣/棉服,0.000989,0.000000,12.666667,1322
2013-03-26,婚纱/旗袍/礼服,0.002413,0.000000,13.333333,969
2013-03-26,皮衣,0.002749,0.000000,21.762500,409
2013-03-26,半身裙,0.002894,0.004972,17.797650,1282
2013-03-26,衬衫,0.004710,0.017035,25.608147,4048
2013-03-26,羽绒服,0.003508,0.000000,23.381148,5904
2013-03-26,毛针织衫,0.002391,0.004614,29.269348,956
2013-03-26,连衣裙,0.003579,0.011710,25.145484,759
2013-03-26,短外套,0.004890,0.004831,28.182126,2026
2013-03-26,裤子,0.002176,0.001952,30.875721,1216
2013-03-26,小背心/小吊带,0.003164,0.003528,41.060332,1511
2013-03-26,唐装/民族服装/舞台服装,0.004589,0.047619,31.178571,893
2013-03-26,中老年女装,0.003296,0.000000,7.852174,188
2013-03-26,蕾丝衫/雪纺衫,0.003996,0.015480,35.785286,4979
2013-03-26,西装,0.003458,0.002847,27.204270,2587
2013-03-26,职业套装/学生校服/工作制服,0.001359,0.000000,11.875000,290
2013-03-26,大码女装,0.003757,0.000000,33.875000,771
2013-03-27,风衣,0.002460,0.000000,29.637521,1520
2013-03-27,T恤,0.003840,0.007588,22.436095,586
2013-03-27,马夹,0.000000,0.000000,0.000000,135
2013-03-27,毛呢外套,0.004167,0.000000,18.408145,561
2013-03-27,皮草,0.001954,0.000000,25.339697,1193
2013-03-27,毛衣,0.002623,0.000295,30.551786,897
2013-03-27,牛仔裤,0.004031,0.010806,44.163306,726
2013-03-27,卫衣/绒衫,0.002789,0.000000,17.875000,224
2013-03-27,棉衣/棉服,0.004524,0.000000,27.575000,455
2013-03-27,婚纱/旗袍/礼服,0.002098,0.000000,18.125000,702
2013-03-27,皮衣,0.001740,0.000000,14.875000,413
2013-03-27,半身裙,0.003421,0.004317,24.547915,878
2013-03-27,衬衫,0.004227,0.032718,26.842055,3013
2013-03-27,羽绒服,0.001962,0.000000,30.414894,2314
2013-03-27,毛针织衫,0.003021,0.000000,25.722485,883
2013-03-27,连衣裙,0.003111,0.003528,27.030157,567
2013-03-27,短外套,0.003529,0.002381,32.877787,1806
2013-03-27,裤子,0.002263,0.011989,31.034813,1705
2013-03-27,小背心/小吊带,0.004352,0.027803,33.542099,824
2013-03-27,唐装/民族服装/舞台服装,0.002897,0.000000,22.116667,732
2013-03-27,中老年女装,0.003338,0.000000,9.247638,154
2013-03-27,蕾丝衫/雪纺衫,0.002827,0.001024,32.138559,6325
2013-03-27,西装,0.003932,0.002877,28.003987,2547
2013-03-27,职业套装/学生校服/工作制服,0.002948,0.000000,26.000000,259
2013-03-27,大码女装,0.003225,0.000000,34.071429,770
2013-03-28,风衣,0.002792,0.004167,37.358243,966
2013-03-28,T恤,0.003894,0.016281,27.698157,801
2013-03-28,马夹,0.000000,0.000000,0.000000,56
2013-03-28,毛呢外套,0.003103,0.000000,16.913776,592
2013-03-28,皮草,0.001195,0.000000,26.611111,989
2013-03-28,毛衣,0.002242,0.000149,27.136766,1105
2013-03-28,牛仔裤,0.002955,0.012783,46.802653,779
2013-03-28,卫衣/绒衫,0.004507,0.033333,32.566667,174
2013-03-28,棉衣/棉服,0.001295,0.000000,23.777778,482
2013-03-28,婚纱/旗袍/礼服,0.001602,0.000000,15.333333,685
2013-03-28,皮衣,0.002190,0.000000,11.500000,196
2013-03-28,半身裙,0.003150,0.001552,24.602002,1279
2013-03-28,衬衫,0.003490,0.007666,33.899802,5133
2013-03-28,羽绒服,0.003986,0.000000,23.746032,1285
2013-03-28,毛针织衫,0.002472,0.000000,27.067930,674
2013-03-28,连衣裙,0.002525,0.001385,28.529062,715
2013-03-28,短外套,0.003479,0.017157,28.319267,1456
2013-03-28,裤子,0.001119,0.007012,44.119516,1172
2013-03-28,小背心/小吊带,0.003817,0.065011,32.781653,863
2013-03-28,唐装/民族服装/舞台服装,0.001763,0.000000,15.888889,817
2013-03-28,中老年女装,0.002087,0.000000,11.904040,211
2013-03-28,蕾丝衫/雪纺衫,0.002922,0.001134,31.363479,3249
2013-03-28,西装,0.002826,0.000543,30.126216,4513
2013-03-28,职业套装/学生校服/工作制服,0.003168,0.000000,27.350000,236
2013-03-28,大码女装,0.003828,0.000000,69.972222,631
2013-03-29,风衣,0.002725,0.000000,31.762266,1153
2013-03-29,T恤,0.003051,0.011263,25.741435,859
2013-03-29,马夹,0.002546,0.000000,27.500000,161
2013-03-29,毛呢外套,0.002550,0.002451,22.440546,1055
2013-03-29,皮草,0.001332,0.000000,27.714286,1042
2013-03-29,毛衣,0.002800,0.000766,29.526573,1010
2013-03-29,牛仔裤,0.002340,0.005771,50.294585,793
2013-03-29,卫衣/绒衫,0.001899,0.000000,20.291667,131
2013-03-29,棉衣/棉服,0.001800,0.000000,29.321429,986
2013-03-29,婚纱/旗袍/礼服,0.001490,0.000000,23.750000,682
2013-03-29,皮衣,0.003081,0.000000,17.361111,443
2013-03-29,半身裙,0.001893,0.035513,28.612265,1142
2013-03-29,衬衫,0.003580,0.007135,31.091969,3736
2013-03-29,羽绒服,0.002194,0.000000,43.722222,2011
2013-03-29,毛针织衫,0.002070,0.015046,30.906447,465
2013-03-29,连衣裙,0.002934,0.004735,25.755508,741
2013-03-29,短外套,0.002976,0.000000,34.813200,1280
2013-03-29,裤子,0.001791,0.006704,31.929167,909
2013-03-29,小背心/小吊带,0.003431,0.015787,28.526593,950
2013-03-29,唐装/民族服装/舞台服装,0.001479,0.000000,24.400000,718
2013-03-29,中老年女装,0.001946,0.012195,20.078049,246
2013-03-29,蕾丝衫/雪纺衫,0.003494,0.012022,32.012124,2918
2013-03-29,西装,0.003178,0.001738,32.862065,4310
2013-03-29,职业套装/学生校服/工作制服,0.003371,0.000000,27.107143,364
2013-03-29,大码女装,0.004001,0.000000,53.000000,943
2013-03-30,风衣,0.002721,0.001587,28.025770,917
2013-03-30,T恤,0.004693,0.003885,17.988083,447
2013-03-30,马夹,0.003529,0.000000,9.666667,385
2013-03-30,毛呢外套,0.002852,0.000000,23.633050,1041
2013-03-30,皮草,0.001290,0.000000,26.958333,717
2013-03-30,毛衣,0.001556,0.050422,23.656719,683
2013-03-30,牛仔裤,0.002899,0.003751,46.012934,905
2013-03-30,卫衣/绒衫,0.001197,0.000000,13.041667,165
2013-03-30,棉衣/棉服,0.001230,0.000000,22.050000,1009
2013-03-30,婚纱/旗袍/礼服,0.004418,0.000000,12.071429,676
2013-03-30,皮衣,0.002684,0.000000,14.562500,415
2013-03-30,半身裙,0.003058,0.001000,21.385258,886
2013-03-30,衬衫,0.003124,0.006370,21.263234,1533
2013-03-30,羽绒服,0.002838,0.000000,25.175439,3352
2013-03-30,毛针织衫,0.003992,0.000617,21.953510,372
2013-03-30,连衣裙,0.002938,0.000536,25.885449,406
2013-03-30,短外套,0.003045,0.000000,26.780387,1489
2013-03-30,裤子,0.007621,0.001052,26.136416,688
2013-03-30,小背心/小吊带,0.003825,0.000000,26.849136,611
2013-03-30,唐装/民族服装/舞台服装,0.001946,0.000000,17.166667,615
2013-03-30,中老年女装,0.002415,0.000000,16.750370,310
2013-03-30,蕾丝衫/雪纺衫,0.002814,0.000900,27.429764,1894
2013-03-30,西装,0.001947,0.002262,32.288703,3123
2013-03-30,职业套装/学生校服/工作制服,0.002370,0.000000,16.265306,339
2013-03-30,大码女装,0.003081,0.041667,58.750000,724
2013-03-31,风衣,0.002606,0.003968,28.704249,790
2013-03-31,T恤,0.004022,0.011097,19.788070,366
2013-03-31,马夹,0.000822,0.000000,5.250000,539
2013-03-31,毛呢外套,0.005587,0.000000,21.182823,449
2013-03-31,皮草,0.001156,0.000000,27.312500,1257
2013-03-31,毛衣,0.001708,0.000863,29.193961,657
2013-03-31,牛仔裤,0.007004,0.003150,48.671936,870
2013-03-31,卫衣/绒衫,0.002030,0.000000,13.236111,144
2013-03-31,棉衣/棉服,0.003387,0.000000,15.729167,537
2013-03-31,婚纱/旗袍/礼服,0.007769,0.000000,89.647759,2115
2013-03-31,皮衣,0.000000,0.000000,0.000000,2
2013-03-31,半身裙,0.003436,0.000000,26.471941,748
2013-03-31,衬衫,0.003269,0.005506,21.066434,1439
2013-03-31,羽绒服,0.000496,0.000000,30.000000,200
2013-03-31,毛针织衫,0.002550,0.000132,22.277029,388
2013-03-31,连衣裙,0.005820,0.000512,31.882152,369
2013-03-31,短外套,0.002023,0.000000,32.522005,1530
2013-03-31,裤子,0.003475,0.006990,29.288194,676
2013-03-31,小背心/小吊带,0.003027,0.006066,31.497937,667
2013-03-31,唐装/民族服装/舞台服装,0.006148,0.000000,18.561667,937
2013-03-31,中老年女装,0.002233,0.000000,31.115068,475
2013-03-31,蕾丝衫/雪纺衫,0.003341,0.000712,32.862642,1418
2013-03-31,西装,0.001649,0.000312,34.264755,2633
2013-03-31,职业套装/学生校服/工作制服,0.001501,0.000000,18.428571,266
2013-03-31,大码女装,0.001179,0.000000,34.250000,1522
2013-04-01,风衣,0.003149,0.000000,30.965056,864
2013-04-01,T恤,0.003622,0.024783,21.423444,327
2013-04-01,马夹,0.000725,0.000000,11.250000,418
2013-04-01,毛呢外套,0.002303,0.000000,20.022727,552
2013-04-01,皮草,0.001397,0.000000,40.253968,1263
2013-04-01,毛衣,0.001085,0.000683,29.939891,563
2013-04-01,牛仔裤,0.001792,0.041695,50.985487,811
2013-04-01,卫衣/绒衫,0.001396,0.000000,12.550000,174
2013-04-01,棉衣/棉服,0.002843,0.000000,27.400000,544
2013-04-01,婚纱/旗袍/礼服,0.004709,0.000000,12.022222,631
2013-04-01,皮衣,0.005035,0.000000,17.187500,479
2013-04-01,半身裙,0.002885,0.000000,22.193018,604
2013-04-01,衬衫,0.003617,0.003510,21.735537,1619
2013-04-01,羽绒服,0.000778,0.000000,38.521739,3769
2013-04-01,毛针织衫,0.002197,0.002423,21.161715,359
2013-04-01,连衣裙,0.002424,0.002617,30.150715,382
2013-04-01,短外套,0.004146,0.001504,35.618310,1308
2013-04-01,裤子,0.002893,0.000340,23.910368,696
2013-04-01,小背心/小吊带,0.004036,0.002253,33.221023,559
2013-04-01,唐装/民族服装/舞台服装,0.002093,0.000000,23.500000,690
2013-04-01,中老年女装,0.001988,0.000000,28.543354,354
2013-04-01,蕾丝衫/雪纺衫,0.003157,0.001159,30.030206,1760
2013-04-01,西装,0.006073,0.001708,29.659534,2761
2013-04-01,职业套装/学生校服/工作制服,0.003301,0.000000,23.259259,242
2013-04-01,大码女装,0.002479,0.000000,46.714286,1408
2013-04-02,风衣,0.002894,0.000000,28.256903,738
2013-04-02,T恤,0.004962,0.003364,20.458256,316
2013-04-02,马夹,0.001311,0.000000,19.083333,359
2013-04-02,毛呢外套,0.003335,0.000000,21.816667,443
2013-04-02,皮草,0.000982,0.000000,35.809524,972
2013-04-02,毛衣,0.003909,0.000815,27.748279,394
2013-04-02,牛仔裤,0.002647,0.037676,48.474194,791
2013-04-02,卫衣/绒衫,0.003239,0.000000,13.818182,102
2013-04-02,棉衣/棉服,0.000975,0.000000,28.000000,331
2013-04-02,婚纱/旗袍/礼服,0.004147,0.000000,90.438839,1759
2013-04-02,皮衣,0.001929,0.000000,24.300000,267
2013-04-02,半身裙,0.003358,0.001667,20.881810,503
2013-04-02,衬衫,0.003537,0.005046,20.917728,1401
2013-04-02,羽绒服,0.004066,0.000000,22.251512,2757
2013-04-02,毛针织衫,0.001727,0.007757,24.564747,410
2013-04-02,连衣裙,0.002485,0.004496,31.206340,349
2013-04-02,短外套,0.002722,0.000000,37.969361,1382
2013-04-02,裤子,0.002096,0.001429,28.341833,627
2013-04-02,小背心/小吊带,0.002848,0.028958,31.989887,475
2013-04-02,唐装/民族服装/舞台服装,0.001984,0.000000,24.600000,491
2013-04-02,中老年女装,0.001932,0.028409,32.578788,287
2013-04-02,蕾丝衫/雪纺衫,0.003645,0.000677,27.816237,1474
2013-04-02,西装,0.003736,0.001182,31.997766,2755
2013-04-02,职业套装/学生校服/工作制服,0.000331,0.000000,24.714286,342
2013-04-02,大码女装,0.004471,0.000000,77.611111,1278
2013-04-03,风衣,0.002099,0.001645,29.229971,765
2013-04-03,T恤,0.003083,0.016341,22.261274,646
2013-04-03,马夹,0.000915,0.000000,19.000000,169
2013-04-03,毛呢外套,0.002993,0.000000,19.313215,611
2013-04-03,皮草,0.001746,0.000000,33.437500,1282
2013-04-03,毛衣,0.001531,0.000417,26.839174,474
2013-04-03,牛仔裤,0.002289,0.000248,47.842499,851
2013-04-03,卫衣/绒衫,0.000950,0.000000,15.847619,157
2013-04-03,棉衣/棉服,0.001945,0.000000,18.444444,482
2013-04-03,婚纱/旗袍/礼服,0.004249,0.004082,78.178639,1835
2013-04-03,皮衣,0.002670,0.000000,23.733333,465
2013-04-03,半身裙,0.003972,0.000000,25.293316,762
2013-04-03,衬衫,0.003906,0.031326,21.573205,1761
2013-04-03,羽绒服,0.001516,0.000000,15.900000,1925
2013-04-03,毛针织衫,0.001796,0.000840,26.682645,462
2013-04-03,连衣裙,0.002940,0.011505,29.498017,506
2013-04-03,短外套,0.002981,0.005208,38.605831,1574
2013-04-03,裤子,0.002333,0.001692,32.120741,885
2013-04-03,小背心/小吊带,0.003276,0.004052,34.935789,659
2013-04-03,唐装/民族服装/舞台服装,0.002564,0.200000,16.866667,470
2013-04-03,中老年女装,0.002682,0.000000,26.875321,239
2013-04-03,蕾丝衫/雪纺衫,0.002709,0.132172,31.090621,1806
2013-04-03,西装,0.006524,0.003036,24.642703,2951
2013-04-03,职业套装/学生校服/工作制服,0.000890,0.000000,35.600000,254
2013-04-03,大码女装,0.003284,0.125000,91.916667,1507
2013-04-04,风衣,0.003536,0.000000,27.666474,530
2013-04-04,T恤,0.005890,0.069603,21.491927,835
2013-04-04,马夹,0.004234,0.000000,11.750000,241
2013-04-04,毛呢外套,0.003524,0.000000,17.738095,397
2013-04-04,皮草,0.003038,0.000000,33.420106,1480
2013-04-04,毛衣,0.001153,0.001263,28.882576,415
2013-04-04,牛仔裤,0.002933,0.008537,47.034644,752
2013-04-04,卫衣/绒衫,0.001140,0.000000,18.119048,245
2013-04-04,棉衣/棉服,0.003401,0.000000,37.500000,271
2013-04-04,婚纱/旗袍/礼服,0.003744,0.020408,59.550476,200
2013-04-04,皮衣,0.001798,0.000000,20.645833,427
2013-04-04,半身裙,0.002037,0.000000,23.305455,814
2013-04-04,衬衫,0.004753,0.008301,21.297027,2150
2013-04-04,羽绒服,0.005738,0.000000,18.391667,547
2013-04-04,毛针织衫,0.001820,0.002252,21.037575,372
2013-04-04,连衣裙,0.003139,0.003493,27.986382,315
2013-04-04,短外套,0.003529,0.007699,39.542544,1135
2013-04-04,裤子,0.002513,0.006966,29.090167,1149
2013-04-04,小背心/小吊带,0.003680,0.030533,30.578766,782
2013-04-04,唐装/民族服装/舞台服装,0.002230,0.000000,31.350000,417
2013-04-04,中老年女装,0.003027,0.000000,26.736111,189
2013-04-04,蕾丝衫/雪纺衫,0.003705,0.049166,28.085692,1681
2013-04-04,西装,0.003778,0.001152,33.252848,4623
2013-04-04,职业套装/学生校服/工作制服,0.000994,0.000000,38.791667,251
2013-04-04,大码女装,0.001409,0.000000,102.395833,1252
2013-04-05,风衣,0.002148,0.002174,31.465217,994
2013-04-05,T恤,0.005489,0.018539,19.646597,685
2013-04-05,马夹,0.001736,0.000000,44.870748,743
2013-04-05,毛呢外套,0.003938,0.000000,20.364239,532
2013-04-05,皮草,0.001640,0.000000,39.302083,1506
2013-04-05,毛衣,0.002118,0.000000,30.285606,410
2013-04-05,牛仔裤,0.003317,0.011078,45.443774,702
2013-04-05,卫衣/绒衫,0.001242,0.000000,20.620370,324
2013-04-05,棉衣/棉服,0.001140,0.000000,33.750000,1268
2013-04-05,婚纱/旗袍/礼服,0.003068,0.009804,56.178489,204
2013-04-05,皮衣,0.004208,0.000000,19.645833,280
2013-04-05,半身裙,0.002313,0.000000,24.725793,589
2013-04-05,衬衫,0.004628,0.008484,18.954959,1876
2013-04-05,羽绒服,0.001830,0.000000,13.875000,419
2013-04-05,毛针织衫,0.002287,0.008696,28.289815,467
2013-04-05,连衣裙,0.003364,0.003126,30.693835,494
2013-04-05,短外套,0.002949,0.166667,37.177207,1391
2013-04-05,裤子,0.001886,0.002986,28.269959,1045
2013-04-05,小背心/小吊带,0.003733,0.014502,26.102347,792
2013-04-05,唐装/民族服装/舞台服装,0.003225,0.000000,24.000000,490
2013-04-05,中老年女装,0.002817,0.004310,36.574042,234
2013-04-05,蕾丝衫/雪纺衫,0.003549,0.004083,25.539160,1821
2013-04-05,西装,0.009379,0.001795,31.230519,4173
2013-04-05,职业套装/学生校服/工作制服,0.000674,0.000000,27.000000,278
2013-04-05,大码女装,0.001162,0.000000,101.041667,1403
2013-04-06,风衣,0.001715,0.002273,25.768157,755
2013-04-06,T恤,0.004649,0.005913,17.318891,416
2013-04-06,马夹,0.001550,0.000000,39.531250,746
2013-04-06,毛呢外套,0.001379,0.000000,23.189484,514
2013-04-06,皮草,0.001132,0.000000,48.808333,1577
2013-04-06,毛衣,0.001926,0.000000,25.855372,450
2013-04-06,牛仔裤,0.004067,0.001515,45.475733,702
2013-04-06,卫衣/绒衫,0.003178,0.000000,14.294359,256
2013-04-06,棉衣/棉服,0.002124,0.000000,18.577540,2412
2013-04-06,婚纱/旗袍/礼服,0.002138,0.000000,48.340558,149
2013-04-06,皮衣,0.001943,0.000000,17.099134,416
2013-04-06,半身裙,0.001756,0.026923,19.089551,426
2013-04-06,衬衫,0.004219,0.004111,16.690436,1201
2013-04-06,羽绒服,0.003239,0.000000,15.041667,420
2013-04-06,毛针织衫,0.001044,0.001466,23.369777,313
2013-04-06,连衣裙,0.003057,0.002336,29.474757,424
2013-04-06,短外套,0.003424,0.000000,35.783933,1711
2013-04-06,裤子,0.001097,0.000482,21.650991,610
2013-04-06,小背心/小吊带,0.005382,0.063030,22.704596,780
2013-04-06,唐装/民族服装/舞台服装,0.003277,0.000000,16.933333,481
2013-04-06,中老年女装,0.002681,0.000000,30.113333,204
2013-04-06,蕾丝衫/雪纺衫,0.002432,0.001896,30.377630,1929
2013-04-06,西装,0.007753,0.000000,19.887920,1582
2013-04-06,职业套装/学生校服/工作制服,0.003311,0.000000,8.857143,249
2013-04-06,大码女装,0.001525,0.000000,96.983333,1172
2013-04-07,风衣,0.002860,0.000000,27.835336,839
2013-04-07,T恤,0.003677,0.017575,17.665780,363
2013-04-07,马夹,0.001325,0.000000,31.114583,671
2013-04-07,毛呢外套,0.001961,0.000000,24.459821,419
2013-04-07,皮草,0.000619,0.000000,33.625000,1198
2013-04-07,毛衣,0.003453,0.000763,21.882634,398
2013-04-07,牛仔裤,0.001568,0.000000,58.609983,807
2013-04-07,卫衣/绒衫,0.001479,0.115385,21.935897,287
2013-04-07,棉衣/棉服,0.001796,0.000000,20.479853,1573
2013-04-07,婚纱/旗袍/礼服,0.001076,0.003294,60.188886,210
2013-04-07,皮衣,0.003933,0.000000,15.670536,335
2013-04-07,半身裙,0.001160,0.000000,19.385913,310
2013-04-07,衬衫,0.003947,0.003624,17.007186,1143
2013-04-07,羽绒服,0.002040,0.000000,24.053419,1059
2013-04-07,毛针织衫,0.002122,0.000000,24.870598,323
2013-04-07,连衣裙,0.001963,0.014666,29.067247,372
2013-04-07,短外套,0.002171,0.000000,43.046554,1588
2013-04-07,裤子,0.001558,0.002674,25.630474,443
2013-04-07,小背心/小吊带,0.004572,0.036632,26.558071,828
2013-04-07,唐装/民族服装/舞台服装,0.003351,0.041667,22.222222,550
2013-04-07,中老年女装,0.003163,0.008197,28.208892,200
2013-04-07,蕾丝衫/雪纺衫,0.002453,0.001425,29.763767,1370
2013-04-07,西装,0.005815,0.006211,17.457279,1188
2013-04-07,职业套装/学生校服/工作制服,0.001977,0.000000,42.000000,205
2013-04-07,大码女装,0.000556,0.000000,82.750000,639
2013-04-08,风衣,0.002651,0.000000,26.133135,754
2013-04-08,T恤,0.003396,0.007694,18.461718,362
2013-04-08,马夹,0.001182,0.000000,27.218750,605
2013-04-08,毛呢外套,0.001628,0.000000,26.917508,614
2013-04-08,皮草,0.001727,0.000000,41.223810,1728
2013-04-08,毛衣,0.001495,0.000437,21.540901,472
2013-04-08,牛仔裤,0.002303,0.015170,46.373589,710
2013-04-08,卫衣/绒衫,0.002530,0.000000,18.114583,207
2013-04-08,棉衣/棉服,0.002896,0.000000,31.869792,2265
2013-04-08,婚纱/旗袍/礼服,0.001803,0.000000,57.571581,193
2013-04-08,皮衣,0.003442,0.014706,16.567974,267
2013-04-08,半身裙,0.001589,0.018750,13.654804,289
2013-04-08,衬衫,0.003793,0.007090,17.295023,1217
2013-04-08,羽绒服,0.003202,0.000000,22.959184,2125
2013-04-08,毛针织衫,0.002887,0.000000,21.018637,267
2013-04-08,连衣裙,0.002505,0.002334,27.923899,320
2013-04-08,短外套,0.002052,0.015000,42.803735,1725
2013-04-08,裤子,0.002053,0.003002,22.384194,383
2013-04-08,小背心/小吊带,0.003084,0.042911,29.288654,796
2013-04-08,唐装/民族服装/舞台服装,0.001048,0.000000,18.750000,514
2013-04-08,中老年女装,0.002707,0.000000,27.097436,224
2013-04-08,蕾丝衫/雪纺衫,0.003019,0.005121,31.652256,1338
2013-04-08,西装,0.004230,0.002101,30.336660,1065
2013-04-08,职业套装/学生校服/工作制服,0.002856,0.000000,6.750000,190
2013-04-08,大码女装,0.001047,0.166667,81.416667,531
2013-04-09,风衣,0.003674,0.000000,24.364000,671
2013-04-09,T恤,0.003057,0.013580,19.150402,350
2013-04-09,马夹,0.001371,0.000000,38.654167,539
2013-04-09,毛呢外套,0.002885,0.000000,20.960165,621
2013-04-09,皮草,0.002138,0.000000,40.650000,1311
2013-04-09,毛衣,0.002678,0.000717,24.468041,456
2013-04-09,牛仔裤,0.004876,0.001520,55.826096,483
2013-04-09,卫衣/绒衫,0.001393,0.038462,20.315385,192
2013-04-09,棉衣/棉服,0.002286,0.000000,19.062500,1838
2013-04-09,婚纱/旗袍/礼服,0.001397,0.000000,57.408367,208
2013-04-09,皮衣,0.002750,0.000000,16.577586,211
2013-04-09,半身裙,0.001389,0.000000,15.146471,281
2013-04-09,衬衫,0.005403,0.007800,18.579460,968
2013-04-09,羽绒服,0.003131,0.000000,21.957143,1205
2013-04-09,毛针织衫,0.002177,0.000000,20.525231,205
2013-04-09,连衣裙,0.002219,0.000633,30.271970,233
2013-04-09,短外套,0.002250,0.001488,42.416851,1436
2013-04-09,裤子,0.001791,0.003295,23.242454,382
2013-04-09,小背心/小吊带,0.006999,0.007162,20.504234,574
2013-04-09,唐装/民族服装/舞台服装,0.002821,0.000000,22.083333,452
2013-04-09,中老年女装,0.003405,0.008197,26.600546,189
2013-04-09,蕾丝衫/雪纺衫,0.002858,0.001728,29.903977,1180
2013-04-09,西装,0.008363,0.000000,21.921618,1296
2013-04-09,职业套装/学生校服/工作制服,0.001412,0.000000,6.666667,152
2013-04-09,大码女装,0.000933,0.000000,69.333333,689
2013-04-10,风衣,0.003804,0.003226,26.863367,890
2013-04-10,T恤,0.002677,0.005894,26.439381,540
2013-04-10,马夹,0.002162,0.000000,31.900000,492
2013-04-10,毛呢外套,0.002675,0.027778,24.538105,1021
2013-04-10,皮草,0.002369,0.000000,45.583333,1032
2013-04-10,毛衣,0.001727,0.000901,22.648649,331
2013-04-10,牛仔裤,0.002557,0.004215,64.329233,405
2013-04-10,卫衣/绒衫,0.003291,0.000000,16.616300,146
2013-04-10,棉衣/棉服,0.002920,0.000000,31.950794,1547
2013-04-10,婚纱/旗袍/礼服,0.001555,0.000000,53.550715,238
2013-04-10,皮衣,0.001919,0.000000,18.305556,154
2013-04-10,半身裙,0.001971,0.000000,23.282790,210
2013-04-10,衬衫,0.003457,0.003796,22.187153,1037
2013-04-10,羽绒服,0.001666,0.000000,16.300000,430
2013-04-10,毛针织衫,0.002651,0.000000,24.983032,207
2013-04-10,连衣裙,0.002397,0.003338,28.111622,251
2013-04-10,短外套,0.003177,0.019752,42.484301,1409
2013-04-10,裤子,0.002585,0.003685,27.118830,383
2013-04-10,小背心/小吊带,0.004830,0.041071,27.304448,493
2013-04-10,唐装/民族服装/舞台服装,0.000747,0.000000,23.666667,399
2013-04-10,中老年女装,0.002220,0.000000,29.476640,172
2013-04-10,蕾丝衫/雪纺衫,0.002596,0.054289,30.350131,1126
2013-04-10,西装,0.014533,0.000000,29.289924,1107
2013-04-10,职业套装/学生校服/工作制服,0.004641,0.000000,15.488889,182
2013-04-10,大码女装,0.005335,0.000000,54.094298,1915
2013-04-11,风衣,0.002407,0.000000,34.313047,1033
2013-04-11,T恤,0.004343,0.018677,25.262031,744
2013-04-11,马夹,0.001701,0.000000,34.283333,480
2013-04-11,毛呢外套,0.003037,0.000000,22.210730,909
2013-04-11,皮草,0.001766,0.000000,41.362963,946
2013-04-11,毛衣,0.002364,0.001010,26.925000,337
2013-04-11,牛仔裤,0.002727,0.017526,53.804010,467
2013-04-11,卫衣/绒衫,0.001289,0.000000,24.066667,165
2013-04-11,棉衣/棉服,0.001575,0.000000,21.773810,1439
2013-04-11,婚纱/旗袍/礼服,0.000973,0.000000,58.670008,190
2013-04-11,皮衣,0.001854,0.016667,19.292500,182
2013-04-11,半身裙,0.002610,0.007692,22.898442,310
2013-04-11,衬衫,0.003281,0.002432,24.441061,1875
2013-04-11,羽绒服,0.003100,0.000000,21.145833,556
2013-04-11,毛针织衫,0.002064,0.002677,26.273318,196
2013-04-11,连衣裙,0.003536,0.005736,31.719063,258
2013-04-11,短外套,0.002303,0.000349,42.132017,4865
2013-04-11,裤子,0.001976,0.000772,32.091256,489
2013-04-11,小背心/小吊带,0.004384,0.001737,32.138023,469
2013-04-11,唐装/民族服装/舞台服装,0.002853,0.000000,14.125000,401
2013-04-11,中老年女装,0.003530,0.000000,30.111905,164
2013-04-11,蕾丝衫/雪纺衫,0.003329,0.003505,29.914628,1125
2013-04-11,西装,0.004286,0.002219,25.843431,1670
2013-04-11,职业套装/学生校服/工作制服,0.000910,0.000000,22.590278,265
2013-04-11,大码女装,0.001692,0.000000,72.283333,3685
2013-04-12,风衣,0.002849,0.000514,30.172185,1049
2013-04-12,T恤,0.003398,0.012539,29.445816,1273
2013-04-12,马夹,0.001703,0.000000,28.066667,465
2013-04-12,毛呢外套,0.003069,0.000000,23.709656,1074
2013-04-12,皮草,0.001193,0.000000,43.119048,1246
2013-04-12,毛衣,0.001681,0.001211,29.813559,242
2013-04-12,牛仔裤,0.002304,0.002315,51.017448,687
2013-04-12,卫衣/绒衫,0.006525,0.011765,17.854412,166
2013-04-12,棉衣/棉服,0.001077,0.000000,25.431429,1570
2013-04-12,婚纱/旗袍/礼服,0.001409,0.095750,62.590359,185
2013-04-12,皮衣,0.002637,0.000000,18.763316,190
2013-04-12,半身裙,0.002260,0.000000,23.323974,375
2013-04-12,衬衫,0.003505,0.008925,21.647369,1444
2013-04-12,羽绒服,0.002008,0.000000,19.866667,565
2013-04-12,毛针织衫,0.001651,0.025974,29.031540,195
2013-04-12,连衣裙,0.002940,0.000000,31.890832,280
2013-04-12,短外套,0.003126,0.000417,39.480031,6582
2013-04-12,裤子,0.002144,0.000793,28.340439,452
2013-04-12,小背心/小吊带,0.005139,0.005376,30.734207,557
2013-04-12,唐装/民族服装/舞台服装,0.002414,0.000000,19.560000,392
2013-04-12,中老年女装,0.002511,0.011364,29.277615,163
2013-04-12,蕾丝衫/雪纺衫,0.004388,0.001771,34.719391,1215
2013-04-12,西装,0.007343,0.000000,27.985039,1644
2013-04-12,职业套装/学生校服/工作制服,0.002867,0.000000,20.816239,196
2013-04-12,大码女装,0.000751,0.078947,61.868421,1345
2013-04-13,风衣,0.003197,0.000000,29.667810,963
2013-04-13,T恤,0.002632,0.004992,34.819698,1659
2013-04-13,马夹,0.001073,0.000000,37.357143,399
2013-04-13,毛呢外套,0.002318,0.000000,28.901465,605
2013-04-13,皮草,0.001000,0.000000,35.625000,986
2013-04-13,毛衣,0.001627,0.000736,27.909794,306
2013-04-13,牛仔裤,0.001164,0.008791,64.457602,841
2013-04-13,卫衣/绒衫,0.001954,0.000000,12.562500,115
2013-04-13,棉衣/棉服,0.001422,0.000000,26.800000,1116
2013-04-13,婚纱/旗袍/礼服,0.001464,0.000000,54.838205,148
2013-04-13,皮衣,0.001870,0.000000,18.824683,167
2013-04-13,半身裙,0.001760,0.000000,28.802697,448
2013-04-13,衬衫,0.004416,0.005367,26.890303,1448
2013-04-13,羽绒服,0.003520,0.000000,19.900000,1029
2013-04-13,毛针织衫,0.002762,0.002288,31.626396,169
2013-04-13,连衣裙,0.002241,0.000687,36.056591,305
2013-04-13,短外套,0.001830,0.000238,52.880286,2690
2013-04-13,裤子,0.002615,0.001125,33.010609,487
2013-04-13,小背心/小吊带,0.005683,0.003810,27.000522,753
2013-04-13,唐装/民族服装/舞台服装,0.001068,0.000000,31.000000,348
2013-04-13,中老年女装,0.002174,0.000000,26.175000,140
2013-04-13,蕾丝衫/雪纺衫,0.002593,0.001698,33.654981,1343
2013-04-13,西装,0.004432,0.016534,24.550883,1263
2013-04-13,职业套装/学生校服/工作制服,0.001964,0.000000,20.851852,216
2013-04-13,大码女装,0.002806,0.000000,59.722222,434
2013-04-14,风衣,0.002109,0.002939,35.138722,923
2013-04-14,T恤,0.002611,0.024314,33.962451,1897
2013-04-14,马夹,0.001003,0.000000,34.833333,357
2013-04-14,毛呢外套,0.002091,0.000000,22.954953,634
2013-04-14,皮草,0.001972,0.000000,39.604167,1026
2013-04-14,毛衣,0.001982,0.000000,24.396093,277
2013-04-14,牛仔裤,0.002298,0.005130,61.408825,1043
2013-04-14,卫衣/绒衫,0.002305,0.015385,20.887179,180
2013-04-14,棉衣/棉服,0.001618,0.000000,32.818182,903
2013-04-14,婚纱/旗袍/礼服,0.003041,0.001242,61.746998,141
2013-04-14,皮衣,0.003917,0.022727,18.761364,158
2013-04-14,半身裙,0.001810,0.001001,24.864986,450
2013-04-14,衬衫,0.003043,0.002385,26.463855,1005
2013-04-14,羽绒服,0.002258,0.066667,16.780000,1120
2013-04-14,毛针织衫,0.001922,0.001462,30.624568,155
2013-04-14,连衣裙,0.002677,0.009843,36.124139,464
2013-04-14,短外套,0.003159,0.000769,41.170638,2011
2013-04-14,裤子,0.001575,0.000093,37.017801,464
2013-04-14,小背心/小吊带,0.004260,0.013980,31.114224,895
2013-04-14,唐装/民族服装/舞台服装,0.000481,0.000000,12.000000,319
2013-04-14,中老年女装,0.003943,0.008475,26.669774,136
2013-04-14,蕾丝衫/雪纺衫,0.004411,0.002353,31.790174,1382
2013-04-14,西装,0.003711,0.001021,27.889967,1274
2013-04-14,职业套装/学生校服/工作制服,0.004306,0.000000,21.037698,133
2013-04-14,大码女装,0.000303,0.000000,80.666667,557
2013-04-15,风衣,0.002918,0.000000,27.435002,799
2013-04-15,T恤,0.002703,0.044972,26.301275,3559
2013-04-15,马夹,0.001385,0.000000,36.083333,352
2013-04-15,毛呢外套,0.002140,0.000000,21.800375,809
2013-04-15,皮草,0.001096,0.000000,44.030612,1262
2013-04-15,毛衣,0.001197,0.000000,19.236111,299
2013-04-15,牛仔裤,0.003580,0.016928,61.511141,614
2013-04-15,卫衣/绒衫,0.000757,0.000000,25.086735,206
2013-04-15,棉衣/棉服,0.001303,0.000000,22.583333,1462
2013-04-15,婚纱/旗袍/礼服,0.003005,0.019536,56.856125,134
2013-04-15,皮衣,0.002725,0.000000,18.733974,142
2013-04-15,半身裙,0.001767,0.000000,22.073602,387
2013-04-15,衬衫,0.003286,0.001808,21.660004,887
2013-04-15,羽绒服,0.001608,0.000000,16.950000,2273
2013-04-15,毛针织衫,0.003143,0.000000,23.741783,160
2013-04-15,连衣裙,0.002869,0.000189,31.948503,466
2013-04-15,短外套,0.002933,0.001427,41.727019,2378
2013-04-15,裤子,0.002031,0.001575,36.388597,495
2013-04-15,小背心/小吊带,0.007777,0.037990,30.162533,846
2013-04-15,唐装/民族服装/舞台服装,0.001304,0.000000,31.333333,245
2013-04-15,中老年女装,0.001912,0.011628,27.970930,129
2013-04-15,蕾丝衫/雪纺衫,0.003881,0.000885,31.427282,2069
2013-04-15,西装,0.004880,0.000916,22.606144,883
2013-04-15,职业套装/学生校服/工作制服,0.003567,0.000000,19.555556,98
2013-04-15,大码女装,0.000414,0.000000,43.666667,386
2013-04-16,风衣,0.003247,0.002874,25.320200,1268
2013-04-16,T恤,0.005815,0.010264,31.696868,2382
2013-04-16,马夹,0.001679,0.000000,35.187500,381
2013-04-16,毛呢外套,0.002421,0.000000,18.571678,473
2013-04-16,皮草,0.001035,0.035714,39.726190,1695
2013-04-16,毛衣,0.001261,0.004630,20.724537,301
2013-04-16,牛仔裤,0.001195,0.003704,35.369444,236
2013-04-16,卫衣/绒衫,0.002839,0.000000,26.293312,369
2013-04-16,棉衣/棉服,0.001432,0.000000,16.041667,1168
2013-04-16,婚纱/旗袍/礼服,0.002650,0.000000,50.888209,140
2013-04-16,皮衣,0.003361,0.001449,16.501518,192
2013-04-16,半身裙,0.001359,0.000000,28.662353,541
2013-04-16,衬衫,0.004673,0.016438,23.013478,975
2013-04-16,羽绒服,0.002981,0.000000,17.296866,2690
2013-04-16,毛针织衫,0.003039,0.000000,25.657274,183
2013-04-16,连衣裙,0.002756,0.001866,32.245883,389
2013-04-16,短外套,0.003500,0.003336,37.627926,3995
2013-04-16,裤子,0.002309,0.022219,33.334495,794
2013-04-16,小背心/小吊带,0.004266,0.002299,34.227563,1111
2013-04-16,唐装/民族服装/舞台服装,0.003559,0.000000,20.880000,377
2013-04-16,中老年女装,0.002972,0.000000,29.444196,141
2013-04-16,蕾丝衫/雪纺衫,0.003256,0.010103,34.700160,2768
2013-04-16,西装,0.003553,0.000000,26.300327,895
2013-04-16,职业套装/学生校服/工作制服,0.001206,0.000000,25.361111,159
2013-04-16,大码女装,0.000285,0.000000,31.000000,255
2013-04-17,风衣,0.002272,0.000000,26.093599,1201
2013-04-17,T恤,0.004428,0.027213,31.172364,2592
2013-04-17,马夹,0.002163,0.000000,35.577778,365
2013-04-17,毛呢外套,0.001885,0.000000,14.769841,351
2013-04-17,皮草,0.001277,0.000000,38.750000,947
2013-04-17,毛衣,0.001220,0.000000,16.722957,329
2013-04-17,牛仔裤,0.000715,0.008012,67.536877,754
2013-04-17,卫衣/绒衫,0.002327,0.000000,22.868008,424
2013-04-17,棉衣/棉服,0.001187,0.000000,25.750000,1102
2013-04-17,婚纱/旗袍/礼服,0.004310,0.000000,44.859336,102
2013-04-17,皮衣,0.003088,0.000000,19.089263,207
2013-04-17,半身裙,0.001830,0.033565,25.913118,585
2013-04-17,衬衫,0.003016,0.010716,22.771172,985
2013-04-17,羽绒服,0.001875,0.016667,18.566667,1139
2013-04-17,毛针织衫,0.001410,0.053191,26.545922,214
2013-04-17,连衣裙,0.002532,0.001210,31.175319,402
2013-04-17,短外套,0.003504,0.001417,40.281299,8743
2013-04-17,裤子,0.002812,0.002779,32.041337,879
2013-04-17,小背心/小吊带,0.005131,0.011576,34.615847,1076
2013-04-17,唐装/民族服装/舞台服装,0.004684,0.000000,24.047619,391
2013-04-17,中老年女装,0.002577,0.000000,23.777344,141
2013-04-17,蕾丝衫/雪纺衫,0.004129,0.002218,33.607228,2744
2013-04-17,西装,0.005696,0.000000,26.599175,993
2013-04-17,职业套装/学生校服/工作制服,0.001979,0.090909,18.375758,190
2013-04-17,大码女装,0.001747,0.000000,62.944444,518
2013-04-18,风衣,0.002320,0.000000,29.386475,1076
2013-04-18,T恤,0.005549,0.020523,30.544573,1878
2013-04-18,马夹,0.003435,0.000000,31.597222,379
2013-04-18,毛呢外套,0.001390,0.000000,18.655556,320
2013-04-18,皮草,0.000873,0.000000,34.500000,986
2013-04-18,毛衣,0.001005,0.071429,26.656085,379
2013-04-18,牛仔裤,0.001236,0.000676,47.656563,738
2013-04-18,卫衣/绒衫,0.002184,0.026228,19.172685,404
2013-04-18,棉衣/棉服,0.001449,0.000000,20.318182,1056
2013-04-18,婚纱/旗袍/礼服,0.005589,0.000000,46.288763,99
2013-04-18,皮衣,0.002253,0.000726,19.940947,231
2013-04-18,半身裙,0.002194,0.002326,24.818252,568
2013-04-18,衬衫,0.002738,0.002235,23.522386,859
2013-04-18,羽绒服,0.002149,0.000000,17.738095,1081
2013-04-18,毛针织衫,0.002471,0.000000,24.517116,218
2013-04-18,连衣裙,0.002537,0.001820,31.340196,350
2013-04-18,短外套,0.003760,0.002702,40.967433,5323
2013-04-18,裤子,0.001942,0.011931,31.488534,763
2013-04-18,小背心/小吊带,0.004029,0.001020,35.040834,993
2013-04-18,唐装/民族服装/舞台服装,0.010667,0.033333,17.994444,355
2013-04-18,中老年女装,0.003230,0.000000,23.426562,138
2013-04-18,蕾丝衫/雪纺衫,0.003276,0.000696,36.069668,2524
2013-04-18,西装,0.004603,0.000000,24.949873,910
2013-04-18,职业套装/学生校服/工作制服,0.010041,0.000000,15.537037,203
2013-04-18,大码女装,0.009876,0.000000,45.000000,427
2013-04-19,风衣,0.002605,0.000233,30.263322,1156
2013-04-19,T恤,0.003492,0.009114,29.852440,1467
2013-04-19,马夹,0.000659,0.000000,19.125000,253
2013-04-19,毛呢外套,0.003312,0.000000,16.593998,640
2013-04-19,皮草,0.001714,0.000000,37.133333,1058
2013-04-19,毛衣,0.001636,0.001386,20.867983,307
2013-04-19,牛仔裤,0.002737,0.003250,49.302060,644
2013-04-19,卫衣/绒衫,0.001840,0.000000,23.271361,533
2013-04-19,棉衣/棉服,0.001987,0.000000,22.833333,1043
2013-04-19,婚纱/旗袍/礼服,0.002382,0.000000,35.205769,92
2013-04-19,皮衣,0.002356,0.000000,19.310967,258
2013-04-19,半身裙,0.001867,0.017340,25.637489,517
2013-04-19,衬衫,0.003752,0.001326,21.718184,866
2013-04-19,羽绒服,0.002626,0.000000,20.769841,1387
2013-04-19,毛针织衫,0.003127,0.020917,27.083232,221
2013-04-19,连衣裙,0.002312,0.004001,31.042707,405
2013-04-19,短外套,0.004001,0.000704,33.729006,5560
2013-04-19,裤子,0.003105,0.002102,29.671833,708
2013-04-19,小背心/小吊带,0.003344,0.016725,32.543166,987
2013-04-19,唐装/民族服装/舞台服装,0.003225,0.000000,20.200000,389
2013-04-19,中老年女装,0.003227,0.003846,24.802564,148
2013-04-19,蕾丝衫/雪纺衫,0.003424,0.009502,32.774109,2327
2013-04-19,西装,0.003181,0.001701,23.010919,1246
2013-04-19,职业套装/学生校服/工作制服,0.001269,0.015873,16.526984,217
2013-04-19,大码女装,0.001382,0.000000,81.666667,333
2013-04-20,风衣,0.003294,0.004936,33.235929,1003
2013-04-20,T恤,0.004870,0.003237,29.350933,1582
2013-04-20,马夹,0.001088,0.000000,39.750000,292
2013-04-20,毛呢外套,0.000670,0.000000,45.833333,154
2013-04-20,皮草,0.002041,0.000000,40.607143,806
2013-04-20,毛衣,0.001482,0.000000,19.424026,192
2013-04-20,牛仔裤,0.001311,0.004496,53.082129,664
2013-04-20,卫衣/绒衫,0.002209,0.001012,18.623785,502
2013-04-20,棉衣/棉服,0.000000,0.000000,0.000000,64
2013-04-20,婚纱/旗袍/礼服,0.003491,0.000000,24.963781,150
2013-04-20,皮衣,0.003645,0.000000,18.833771,266
2013-04-20,半身裙,0.002807,0.008523,24.283801,443
2013-04-20,衬衫,0.004182,0.003993,22.551125,719
2013-04-20,羽绒服,0.002281,0.000000,19.774603,1181
2013-04-20,毛针织衫,0.001805,0.027778,25.264267,201
2013-04-20,连衣裙,0.002914,0.000909,32.711596,303
2013-04-20,短外套,0.003411,0.005465,44.158270,5471
2013-04-20,裤子,0.002247,0.003189,32.669876,554
2013-04-20,小背心/小吊带,0.004061,0.005551,34.601974,890
2013-04-20,唐装/民族服装/舞台服装,0.003212,0.000000,22.416667,394
2013-04-20,中老年女装,0.002738,0.009091,23.864444,137
2013-04-20,蕾丝衫/雪纺衫,0.003396,0.004937,35.884715,1983
2013-04-20,西装,0.002585,0.001350,31.443770,876
2013-04-20,职业套装/学生校服/工作制服,0.003527,0.000000,16.818182,166
2013-04-20,大码女装,0.008036,0.000000,51.208333,378
2013-04-21,风衣,0.003526,0.000000,33.015983,1399
2013-04-21,T恤,0.003249,0.004282,32.076837,2310
2013-04-21,马夹,0.003254,0.000000,28.625000,272
2013-04-21,毛呢外套,0.005953,0.000000,35.616667,929
2013-04-21,皮草,0.000291,0.000000,37.166667,801
2013-04-21,毛衣,0.000970,0.003093,21.531443,190
2013-04-21,牛仔裤,0.001236,0.008286,27.167866,259
2013-04-21,卫衣/绒衫,0.001019,0.000000,24.141102,410
2013-04-21,婚纱/旗袍/礼服,0.003412,0.000000,25.765152,118
2013-04-21,皮衣,0.002674,0.000401,21.640385,268
2013-04-21,半身裙,0.001875,0.029321,26.567451,546
2013-04-21,衬衫,0.003486,0.006812,26.393320,674
2013-04-21,羽绒服,0.004043,0.000000,20.840217,1286
2013-04-21,毛针织衫,0.005465,0.022727,25.540493,238
2013-04-21,连衣裙,0.002475,0.000433,34.010192,457
2013-04-21,短外套,0.004224,0.006383,41.454722,7601
2013-04-21,裤子,0.001956,0.081900,32.646328,547
2013-04-21,小背心/小吊带,0.004061,0.007494,34.798577,912
2013-04-21,唐装/民族服装/舞台服装,0.001048,0.000000,28.500000,351
2013-04-21,中老年女装,0.003560,0.000000,28.272849,129
2013-04-21,蕾丝衫/雪纺衫,0.002920,0.002702,37.029095,1815
2013-04-21,西装,0.003993,0.000000,26.169321,846
2013-04-21,职业套装/学生校服/工作制服,0.003373,0.000000,14.592857,185
2013-04-21,大码女装,0.001718,0.000000,44.400000,263
2013-04-22,风衣,0.002398,0.000199,32.650186,1700
2013-04-22,T恤,0.002447,0.002522,33.285602,1451
2013-04-22,马夹,0.004034,0.000000,32.700000,367
2013-04-22,毛呢外套,0.002733,0.000000,12.850000,331
2013-04-22,皮草,0.000000,0.000000,0.000000,121
2013-04-22,毛衣,0.001562,0.000000,20.046882,259
2013-04-22,牛仔裤,0.000833,0.002288,33.725024,423
2013-04-22,卫衣/绒衫,0.001366,0.006422,22.705741,596
2013-04-22,棉衣/棉服,0.000992,0.000000,5.000000,462
2013-04-22,婚纱/旗袍/礼服,0.002334,0.000000,35.440417,168
2013-04-22,皮衣,0.002761,0.000709,21.063246,315
2013-04-22,半身裙,0.001915,0.008102,30.481970,1238
2013-04-22,衬衫,0.003689,0.000992,28.982687,764
2013-04-22,羽绒服,0.002443,0.000000,20.276570,1570
2013-04-22,毛针织衫,0.002656,0.001526,27.468729,280
2013-04-22,连衣裙,0.002794,0.000041,32.688013,747
2013-04-22,短外套,0.003881,0.000829,38.681095,10147
2013-04-22,裤子,0.002209,0.009156,33.733341,666
2013-04-22,小背心/小吊带,0.005699,0.011748,36.651378,952
2013-04-22,唐装/民族服装/舞台服装,0.000797,0.000000,19.500000,400
2013-04-22,中老年女装,0.002722,0.012821,27.039835,139
2013-04-22,蕾丝衫/雪纺衫,0.003862,0.001203,34.675393,1718
2013-04-22,西装,0.002205,0.000000,30.193844,2087
2013-04-22,职业套装/学生校服/工作制服,0.002398,0.000000,21.047619,286
2013-04-22,大码女装,0.001389,0.000000,32.722222,301
2013-04-23,风衣,0.003076,0.000000,34.523620,1936
2013-04-23,T恤,0.003003,0.020775,35.536423,1825
2013-04-23,马夹,0.001424,0.000000,31.666667,478
2013-04-23,毛呢外套,0.002233,0.000000,24.101000,768
2013-04-23,皮草,0.001526,0.000000,43.900000,1178
2013-04-23,毛衣,0.002510,0.000000,17.358974,126
2013-04-23,牛仔裤,0.005807,0.022521,31.323695,632
2013-04-23,卫衣/绒衫,0.002137,0.000000,29.429745,643
2013-04-23,棉衣/棉服,0.001908,0.000000,12.500000,470
2013-04-23,婚纱/旗袍/礼服,0.001467,0.001905,37.775478,210
2013-04-23,皮衣,0.001752,0.000255,18.045150,325
2013-04-23,半身裙,0.002352,0.000000,29.519108,1049
2013-04-23,衬衫,0.002983,0.003791,31.482821,965
2013-04-23,羽绒服,0.001903,0.000000,20.102398,1787
2013-04-23,毛针织衫,0.002011,0.000000,30.899049,391
2013-04-23,连衣裙,0.003216,0.000306,32.081485,384
2013-04-23,短外套,0.003998,0.003533,44.019014,16651
2013-04-23,裤子,0.001966,0.000121,39.171012,988
2013-04-23,小背心/小吊带,0.004338,0.051900,31.392504,1566
2013-04-23,唐装/民族服装/舞台服装,0.001721,0.100000,22.700000,548
2013-04-23,中老年女装,0.003014,0.000000,28.208621,154
2013-04-23,蕾丝衫/雪纺衫,0.004008,0.023949,34.633273,1740
2013-04-23,西装,0.002540,0.000000,32.608013,1851
2013-04-23,职业套装/学生校服/工作制服,0.003579,0.000000,32.853704,370
2013-04-23,大码女装,0.002962,0.150000,29.525000,633
2013-04-24,风衣,0.001656,0.000000,41.027924,1722
2013-04-24,T恤,0.006380,0.002350,37.220317,2020
2013-04-24,马夹,0.003502,0.000000,25.266667,418
2013-04-24,毛呢外套,0.002042,0.000000,24.125000,210
2013-04-24,皮草,0.001372,0.000000,34.833333,1222
2013-04-24,毛衣,0.001292,0.000000,12.875000,151
2013-04-24,牛仔裤,0.003305,0.001521,34.977089,525
2013-04-24,卫衣/绒衫,0.002549,0.000000,26.971350,666
2013-04-24,棉衣/棉服,0.000000,0.000000,0.000000,33
2013-04-24,婚纱/旗袍/礼服,0.002002,0.000801,35.087524,238
2013-04-24,皮衣,0.003334,0.000319,17.126969,287
2013-04-24,半身裙,0.002274,0.000000,28.838035,573
2013-04-24,衬衫,0.004418,0.001825,33.013536,1043
2013-04-24,羽绒服,0.002213,0.000000,19.712551,1242
2013-04-24,毛针织衫,0.002317,0.000000,31.827556,395
2013-04-24,连衣裙,0.003767,0.003163,33.110155,477
2013-04-24,短外套,0.002741,0.003831,44.293180,17245
2013-04-24,裤子,0.002732,0.004891,38.784428,963
2013-04-24,小背心/小吊带,0.005463,0.005481,31.602242,1558
2013-04-24,唐装/民族服装/舞台服装,0.001285,0.000000,36.083333,491
2013-04-24,中老年女装,0.004027,0.000000,27.410109,141
2013-04-24,蕾丝衫/雪纺衫,0.003751,0.001157,32.258826,1746
2013-04-24,西装,0.003871,0.000000,31.289309,1618
2013-04-24,职业套装/学生校服/工作制服,0.002267,0.000000,27.054779,354
2013-04-24,大码女装,0.008450,0.000000,42.520833,728
