皮衣,114.17,0,229,0,0,0,0,0,0,0,0,0,0
连衣裙,178.62,0,78,0,0,0,0,0,0,0,0,0,0
皮衣,205.38,1,202,31,153.47,31,0.5,0,0,0,0,0,0
皮衣,128.44,2,882,31,35.15,15.5,0.23,0,0,0,0,0,0
连衣裙,109.71,0,272,0,0,0,0,0,0,0,0,0,0
裤子,108.83,1,100,29,290,29,1,0,0,0,0,0,0
半身裙,135.94,0,362,0,0,0,0,0,0,0,0,0,0
皮衣,216.18,3,227,87,383.26,29,1.32,0,0,0,0,0,0
皮衣,224.12,0,156,0,0,0,0,0,0,0,0,0,0
皮衣,117.8,0,204,0,0,0,0,0,0,0,0,0,0
连衣裙,196,1,77,30,389.61,30,1.3,0,0,0,0,0,0
皮衣,115.07,1,75,31,413.33,31,1.33,0,0,0,0,0,0
裤子,222.16,2,160,51,318.75,25.5,1.25,0,0,0,0,0,0
皮衣,250.06,0,68,0,0,0,0,0,0,0,0,0,0
裤子,230.43,0,193,0,0,0,0,0,0,0,0,0,0
连衣裙,89.05,0,192,0,0,0,0,0,0,0,0,0,0
半身裙,235.69,0,91,0,0,0,0,0,0,0,0,0,0
半身裙,197.2,0,365,0,0,0,0,0,0,0,0,0,0
羽绒服,92.74,6,3110,106,34.08,17.67,0.19,0,0,0,0,0,0
皮衣,220.78,0,236,0,0,0,0,0,0,0,0,0,0
皮衣,244.61,0,243,0,0,0,0,0,0,0,0,0,0
皮衣,161.75,0,141,0,0,0,0,0,0,0,0,0,0
皮衣,415.71,0,72,0,0,0,0,0,0,0,0,0,0
皮衣,827.08,0,96,0,0,0,0,0,0,0,0,0,0
皮衣,264.47,0,261,0,0,0,0,0,0,0,0,0,0
半身裙,401.13,0,155,0,0,0,0,0,0,0,0,0,0
羽绒服,130.59,2,897,50,55.74,25,0.22,1,0,0,0,0,0
皮衣,457,1,227,25,110.13,25,0.44,0,0,0,0,0,0
皮衣,157.24,0,177,0,0,0,0,0,0,0,0,0,0
羽绒服,112.19,3,1985,49,24.69,16.33,0.15,0,0,0,0,0,0
羽绒服,87.45,25,4749,366,77.07,14.64,0.53,0,0,0,0,0,0
羽绒服,156.26,6,1037,120,115.72,20,0.58,0,0,0,0,0,0
皮衣,116.42,1,775,18,23.23,18,0.13,0,0,0,0,0,0
皮衣,198.56,0,88,0,0,0,0,0,0,0,0,0,0
连衣裙,49.78,0,470,0,0,0,0,0,0,0,0,0,0
半身裙,358.37,0,68,0,0,0,0,0,0,0,0,0,0
半身裙,202.02,0,42,0,0,0,0,0,0,0,0,0,0
皮衣,822.02,0,60,0,0,0,0,0,0,0,0,0,0
半身裙,263.01,1,172,20,116.28,20,0.58,0,0,0,0,0,0
皮衣,297.83,1,545,31,56.88,31,0.18,0,0,0,0,0,0
蕾丝衫/雪纺衫,247.85,2,219,33,150.68,16.5,0.91,0,0,0,0,0,0
毛针织衫,233.86,1,214,21,98.13,21,0.47,0,0,0,0,0,0
裤子,245.41,2,336,62,184.52,31,0.6,0,0,0,0,0,0
毛针织衫,107.48,7,2013,199,98.86,28.43,0.35,1,0,0,0,0,0
裤子,143.92,1,291,18,61.86,18,0.34,0,0,0,0,0,0
中老年女装,280.23,0,561,0,0,0,0,0,0,0,0,0,0
蕾丝衫/雪纺衫,255.95,1,208,19,91.35,19,0.48,0,0,0,0,0,0
毛针织衫,102.62,24,1730,838,484.39,34.92,1.39,0,0,0,0,0,0
连衣裙,169.29,2,533,68,127.58,34,0.38,0,0,0,0,0,0
毛针织衫,134.45,0,406,0,0,0,0,0,0,0,0,0,0
毛针织衫,128.38,1,317,33,104.1,33,0.32,0,0,0,0,0,0
连衣裙,253.3,8,663,228,343.89,28.5,1.21,0,0,0,0,0,0
连衣裙,428.72,2,392,71,181.12,35.5,0.51,0,0,0,0,0,0
裤子,227.46,0,291,0,0,0,0,0,0,0,0,0,0
小背心/小吊带,182.91,1,558,49,87.81,49,0.18,0,0,0,0,0,0
中老年女装,308.47,3,729,121,165.98,40.33,0.41,1,0,0,0,0,0
T恤,155.24,5,1369,207,151.21,41.4,0.37,0,0,0,0,0,0
毛针织衫,104.35,1,548,17,31.02,17,0.18,0,0,0,0,0,0
裤子,201.67,0,206,0,0,0,0,0,0,0,0,0,0
裤子,126.05,0,213,0,0,0,0,0,0,0,0,0,0
裤子,156.47,6,1695,116,68.44,19.33,0.35,0,0,0,0,0,0
连衣裙,271.89,0,130,0,0,0,0,0,0,0,0,0,0
连衣裙,26.57,1,595,1,1.68,1,0.17,0,0,0,0,0,0
连衣裙,482.17,0,78,0,0,0,0,0,0,0,0,0,0
连衣裙,271.83,0,131,0,0,0,0,0,0,0,0,0,0
连衣裙,414.78,0,60,0,0,0,0,0,0,0,0,0,0
连衣裙,510.5,0,14,0,0,0,0,0,0,0,0,0,0
连衣裙,310.35,0,155,0,0,0,0,0,0,0,0,0,0
连衣裙,200.22,3,384,19,49.48,6.33,0.78,0,0,0,0,0,0
连衣裙,188.22,0,178,0,0,0,0,0,0,0,0,0,0
连衣裙,307.25,1,51,9,176.47,9,1.96,0,0,0,0,0,0
连衣裙,238.03,0,38,0,0,0,0,0,0,0,0,0,0
衬衫,94.52,0,197,0,0,0,0,0,0,0,0,0,0
连衣裙,238.39,0,85,0,0,0,0,0,0,0,0,0,0
连衣裙,207.85,1,33,12,363.64,12,3.03,0,0,0,0,0,0
连衣裙,332.14,0,86,0,0,0,0,0,0,0,0,0,0
连衣裙,140.36,0,22,0,0,0,0,0,0,0,0,0,0
连衣裙,288.41,0,76,0,0,0,0,0,0,0,0,0,0
连衣裙,301.93,0,90,0,0,0,0,0,0,0,0,0,0
连衣裙,413.51,0,61,0,0,0,0,0,0,0,0,0,0
连衣裙,164.89,1,35,9,257.14,9,2.86,0,0,0,0,0,0
连衣裙,261.91,0,22,0,0,0,0,0,0,0,0,0,0
衬衫,98.69,2,666,19,28.53,9.5,0.3,0,0,0,0,0,0
连衣裙,334.06,0,97,0,0,0,0,0,0,0,0,0,0
连衣裙,197.1,0,94,0,0,0,0,0,0,0,0,0,0
职业套装/学生校服/工作制服,190.15,0,182,0,0,0,0,0,0,0,0,0,0
连衣裙,81.84,0,32,0,0,0,0,0,0,0,0,0,0
蕾丝衫/雪纺衫,170.53,2,332,19,57.23,9.5,0.6,0,0,0,0,0,0
连衣裙,78.3,0,30,0,0,0,0,0,0,0,0,0,0
裤子,81.19,1,120,9,75,9,0.83,0,0,0,0,0,0
连衣裙,326.06,0,51,0,0,0,0,0,0,0,0,0,0
连衣裙,120.64,0,104,0,0,0,0,0,0,0,0,0,0
连衣裙,325.39,0,18,0,0,0,0,0,0,0,0,0,0
连衣裙,186.62,0,34,0,0,0,0,0,0,0,0,0,0
连衣裙,299.92,0,48,0,0,0,0,0,0,0,0,0,0
T恤,96.96,0,422,0,0,0,0,0,0,0,0,0,0
连衣裙,372.69,0,80,0,0,0,0,0,0,0,0,0,0
连衣裙,185.84,0,56,0,0,0,0,0,0,0,0,0,0
风衣,147.08,1,213,9,42.25,9,0.47,0,0,0,0,0,0
连衣裙,185.09,1,64,12,187.5,12,1.56,0,0,0,0,0,0
衬衫,382.09,1,104,12,115.38,12,0.96,0,0,0,0,0,0
职业套装/学生校服/工作制服,182.77,0,61,0,0,0,0,0,0,0,0,0,0
连衣裙,318.21,0,78,0,0,0,0,0,0,0,0,0,0
裤子,108.1,0,193,0,0,0,0,0,0,0,0,0,0
连衣裙,260.31,1,35,12,342.86,12,2.86,0,0,0,0,0,0
蕾丝衫/雪纺衫,316.11,2,216,14,64.81,7,0.93,0,0,0,0,0,0
连衣裙,270.47,0,120,0,0,0,0,0,0,0,0,0,0
连衣裙,544.13,0,48,0,0,0,0,0,0,0,0,0,0
连衣裙,284.55,0,11,0,0,0,0,0,0,0,0,0,0
连衣裙,337.42,0,53,0,0,0,0,0,0,0,0,0,0
裤子,163.68,1,167,12,71.86,12,0.6,0,0,0,0,0,0
裤子,124.21,1,84,9,107.14,9,1.19,0,0,0,0,0,0
连衣裙,203.65,0,49,0,0,0,0,0,0,0,0,0,0
西装,429.21,0,122,0,0,0,0,0,0,0,0,0,0
毛针织衫,587.53,0,49,0,0,0,0,0,0,0,0,0,0
蕾丝衫/雪纺衫,254.67,0,39,0,0,0,0,0,0,0,0,0,0
连衣裙,431.15,0,20,0,0,0,0,0,0,0,0,0,0
毛呢外套,68.85,1,600,8,13.33,8,0.17,0,0,0,0,0,0
风衣,194.82,0,22,0,0,0,0,0,0,0,0,0,0
棉衣/棉服,144.09,0,442,0,0,0,0,0,0,0,0,0,0
衬衫,410.44,1,250,5,20,5,0.4,0,0,0,0,0,0
毛呢外套,151.9,0,247,0,0,0,0,0,0,0,0,0,0
衬衫,93.49,0,74,0,0,0,0,0,0,0,0,0,0
连衣裙,313.54,1,41,5,121.95,5,2.44,0,0,0,0,0,0
风衣,138.48,2,485,19,39.18,9.5,0.41,0,0,0,0,0,0
牛仔裤,118.66,0,125,0,0,0,0,0,0,0,0,0,0
裤子,83.25,0,231,0,0,0,0,0,0,0,0,0,0
连衣裙,134.85,0,20,0,0,0,0,0,0,0,0,0,0
毛呢外套,118.31,1,162,2,12.35,2,0.62,0,0,0,0,0,0
短外套,91.88,0,416,0,0,0,0,0,0,0,0,0,0
连衣裙,434.6,0,55,0,0,0,0,0,0,0,0,0,0
裤子,337.67,0,346,0,0,0,0,0,0,0,0,0,0
衬衫,362.23,0,191,0,0,0,0,0,0,0,0,0,0
裤子,745.07,1,304,2,6.58,2,0.33,0,0,0,0,0,0
毛呢外套,102.21,4,377,33,87.53,8.25,1.06,0,0,0,0,0,0
毛呢外套,98.04,1,135,9,66.67,9,0.74,0,0,0,0,0,0
风衣,342.38,0,156,0,0,0,0,0,0,0,0,0,0
风衣,363.73,1,325,9,27.69,9,0.31,0,0,0,0,0,0
毛针织衫,142.92,0,123,0,0,0,0,0,0,0,0,0,0
毛针织衫,156.14,0,43,0,0,0,0,0,0,0,0,0,0
风衣,204.12,3,541,30,55.45,10,0.55,0,0,0,0,0,0
短外套,89.19,0,395,0,0,0,0,0,0,0,0,0,0
衬衫,158.22,1,165,10,60.61,10,0.61,0,0,0,0,0,0
半身裙,93.75,0,132,0,0,0,0,0,0,0,0,0,0
衬衫,247.08,0,36,0,0,0,0,0,0,0,0,0,0
半身裙,103.18,0,174,0,0,0,0,0,0,0,0,0,0
短外套,75.51,0,139,0,0,0,0,0,0,0,0,0,0
连衣裙,261.64,0,22,0,0,0,0,0,0,0,0,0,0
棉衣/棉服,143.16,1,433,7,16.17,7,0.23,0,0,0,0,0,0
连衣裙,1005.5,0,14,0,0,0,0,0,0,0,0,0,0
衬衫,210.56,0,25,0,0,0,0,0,0,0,0,0,0
毛呢外套,157.47,0,79,0,0,0,0,0,0,0,0,0,0
连衣裙,190.58,0,72,0,0,0,0,0,0,0,0,0,0
风衣,444.04,1,99,1,10.1,1,1.01,0,0,0,0,0,0
连衣裙,647.89,0,9,0,0,0,0,0,0,0,0,0,0
毛呢外套,167.26,0,91,0,0,0,0,0,0,0,0,0,0
风衣,226.01,5,820,43,52.44,8.6,0.61,0,0,0,0,0,0
毛呢外套,142.2,2,491,24,48.88,12,0.41,0,0,0,0,0,0
连衣裙,271.75,0,16,0,0,0,0,0,0,0,0,0,0
风衣,113.79,0,457,0,0,0,0,0,0,0,0,0,0
连衣裙,3,0,1,0,0,0,0,0,0,0,0,0,0
毛呢外套,96.97,0,276,0,0,0,0,0,0,0,0,0,0
连衣裙,549.57,0,7,0,0,0,0,0,0,0,0,0,0
半身裙,78.49,1,237,10,42.19,10,0.42,0,0,0,0,0,0
毛呢外套,197.02,0,60,0,0,0,0,0,0,0,0,0,0
衬衫,201.34,0,59,0,0,0,0,0,0,0,0,0,0
风衣,833.89,0,19,0,0,0,0,0,0,0,0,0,0
毛针织衫,194.51,0,86,0,0,0,0,0,0,0,0,0,0
连衣裙,143.62,0,21,0,0,0,0,0,0,0,0,0,0
连衣裙,234.72,0,169,0,0,0,0,0,0,0,0,0,0
连衣裙,242.2,0,10,0,0,0,0,0,0,0,0,0,0
半身裙,74.76,0,74,0,0,0,0,0,0,0,0,0,0
T恤,98.43,0,277,0,0,0,0,0,0,0,0,0,0
连衣裙,293.19,0,42,0,0,0,0,0,0,0,0,0,0
毛针织衫,464.18,0,142,0,0,0,0,0,0,0,0,0,0
连衣裙,404.67,0,21,0,0,0,0,0,0,0,0,0,0
毛呢外套,131.13,0,143,0,0,0,0,0,0,0,0,0,0
连衣裙,370.62,0,26,0,0,0,0,0,0,0,0,0,0
连衣裙,379.68,0,19,0,0,0,0,0,0,0,0,0,0
毛针织衫,55.62,0,102,0,0,0,0,0,0,0,0,0,0
衬衫,79.87,2,652,19,29.14,9.5,0.31,2,0,0,0,0,0
西装,276.95,0,167,0,0,0,0,0,0,0,0,0,0
毛针织衫,252.8,0,69,0,0,0,0,0,0,0,0,0,0
毛呢外套,62.71,1,335,12,35.82,12,0.3,0,0,0,0,0,0
毛针织衫,321.53,0,73,0,0,0,0,0,0,0,0,0,0
连衣裙,865.49,0,91,0,0,0,0,0,0,0,0,0,0
衬衫,170.42,0,205,0,0,0,0,0,0,0,0,0,0
毛呢外套,75.18,0,113,0,0,0,0,0,0,0,0,0,0
毛呢外套,82.61,1,208,12,57.69,12,0.48,0,0,0,0,0,0
毛呢外套,189.87,0,98,0,0,0,0,0,0,0,0,0,0
衬衫,102.96,0,140,0,0,0,0,0,0,0,0,0,0
连衣裙,162.68,1,122,12,98.36,12,0.82,0,0,0,0,0,0
毛针织衫,168.61,0,89,0,0,0,0,0,0,0,0,0,0
连衣裙,224.87,0,93,0,0,0,0,0,0,0,0,0,0
毛针织衫,276.76,0,75,0,0,0,0,0,0,0,0,0,0
毛针织衫,137.75,1,202,7,34.65,7,0.5,0,0,0,0,0,0
毛针织衫,237.71,0,17,0,0,0,0,0,0,0,0,0,0
连衣裙,440.88,0,8,0,0,0,0,0,0,0,0,0,0
毛针织衫,262.01,2,88,24,272.73,12,2.27,0,0,0,0,0,0
毛呢外套,101.52,5,476,71,149.16,14.2,1.05,0,0,0,0,0,0
毛针织衫,150.22,0,219,0,0,0,0,0,0,0,0,0,0
连衣裙,136.42,0,59,0,0,0,0,0,0,0,0,0,0
风衣,501.83,0,193,0,0,0,0,0,0,0,0,0,0
连衣裙,279.74,0,31,0,0,0,0,0,0,0,0,0,0
连衣裙,398.41,0,22,0,0,0,0,0,0,0,0,0,0
西装,95.28,0,231,0,0,0,0,0,0,0,0,0,0
蕾丝衫/雪纺衫,316.41,0,120,0,0,0,0,0,0,0,0,0,0
连衣裙,411.97,0,31,0,0,0,0,0,0,0,0,0,0
裤子,196.22,0,54,0,0,0,0,0,0,0,0,0,0
连衣裙,429.08,0,39,0,0,0,0,0,0,0,0,0,0
连衣裙,339.04,0,24,0,0,0,0,0,0,0,0,0,0
连衣裙,234.08,0,38,0,0,0,0,0,0,0,0,0,0
毛呢外套,211.15,1,269,8,29.74,8,0.37,0,0,0,0,0,0
毛呢外套,116.75,0,173,0,0,0,0,0,0,0,0,0,0
连衣裙,394.85,0,39,0,0,0,0,0,0,0,0,0,0
衬衫,95.18,1,119,5,42.02,5,0.84,0,0,0,0,0,0
连衣裙,218.68,0,76,0,0,0,0,0,0,0,0,0,0
西装,183.11,0,57,0,0,0,0,0,0,0,0,0,0
连衣裙,250.21,0,34,0,0,0,0,0,0,0,0,0,0
蕾丝衫/雪纺衫,36.53,0,47,0,0,0,0,0,0,0,0,0,0
毛针织衫,270.13,0,52,0,0,0,0,0,0,0,0,0,0
连衣裙,202.31,0,26,0,0,0,0,0,0,0,0,0,0
风衣,218.46,0,440,0,0,0,0,0,0,0,0,0,0
风衣,136.88,1,170,5,29.41,5,0.59,0,0,0,0,0,0
连衣裙,120.43,0,7,0,0,0,0,0,0,0,0,0,0
连衣裙,249.55,0,11,0,0,0,0,0,0,0,0,0,0
蕾丝衫/雪纺衫,222.42,0,85,0,0,0,0,0,0,0,0,0,0
毛针织衫,229.9,0,39,0,0,0,0,0,0,0,0,0,0
衬衫,98.66,1,105,3,28.57,3,0.95,0,0,0,0,0,0
连衣裙,275.46,0,26,0,0,0,0,0,0,0,0,0,0
连衣裙,357.31,0,16,0,0,0,0,0,0,0,0,0,0
连衣裙,355.93,0,29,0,0,0,0,0,0,0,0,0,0
短外套,224.44,1,214,12,56.07,12,0.47,0,0,0,0,0,0
连衣裙,139.46,0,28,0,0,0,0,0,0,0,0,0,0
裤子,103.61,0,49,0,0,0,0,0,0,0,0,0,0
连衣裙,105.98,0,80,0,0,0,0,0,0,0,0,0,0
半身裙,180.58,0,121,0,0,0,0,0,0,0,0,0,0
连衣裙,290.3,0,10,0,0,0,0,0,0,0,0,0,0
短外套,94.13,1,439,7,15.95,7,0.23,0,0,0,0,0,0
半身裙,364.95,1,88,5,56.82,5,1.14,0,0,0,0,0,0
蕾丝衫/雪纺衫,231.24,2,176,14,79.55,7,1.14,0,0,0,0,0,0
半身裙,61.85,0,157,0,0,0,0,0,0,0,0,0,0
连衣裙,588.28,0,246,0,0,0,0,0,0,0,0,0,0
短外套,236.46,7,1409,291,206.53,41.57,0.5,1,0,0,0,0,0
连衣裙,105.87,24,4149,2224,536.03,92.67,0.58,0,1,0,0,0,0
连衣裙,73.09,109,16840,11132,661.05,102.13,0.65,4,0,20010,0,0,1
连衣裙,61.57,49,15421,5092,330.2,103.92,0.32,3,1,0,0,0,0
裤子,91.77,4,1539,587,381.42,146.75,0.26,0,0,0,0,0,0
毛针织衫,109.07,70,26054,7235,277.69,103.36,0.27,3,2,19500,0,0,1
卫衣/绒衫,179.62,2,615,32,52.03,16,0.33,0,0,0,0,0,0
蕾丝衫/雪纺衫,258.26,13,1345,195,144.98,15,0.97,0,0,0,0,0,0
连衣裙,268.19,1,304,17,55.92,17,0.33,0,0,0,0,0,0
毛针织衫,254.04,0,382,0,0,0,0,0,0,0,0,0,0
蕾丝衫/雪纺衫,116.16,1,366,18,49.18,18,0.27,0,0,0,0,0,0
毛针织衫,208.62,3,394,36,91.37,12,0.76,0,0,0,0,0,0
蕾丝衫/雪纺衫,119.9,1,707,15,21.22,15,0.14,1,0,0,0,0,0
蕾丝衫/雪纺衫,255.13,1,394,18,45.69,18,0.25,0,0,0,0,0,0
毛针织衫,187.15,0,854,0,0,0,0,0,0,0,0,0,0
毛针织衫,210.9,1,339,17,50.15,17,0.29,0,0,0,0,0,0
毛针织衫,187.23,1,876,8,9.13,8,0.11,0,0,0,0,0,0
牛仔裤,142.82,0,224,0,0,0,0,0,0,0,0,0,0
毛针织衫,141.96,14,2889,366,126.69,26.14,0.48,1,0,0,0,0,0
毛针织衫,74.05,7,631,277,438.99,39.57,1.11,1,0,0,0,0,0
衬衫,61.64,40,9166,1362,148.59,34.05,0.44,3,0,7550,0,0,1
连衣裙,146.62,12,2043,749,366.62,62.42,0.59,3,0,0,0,0,0
中老年女装,82,0,1213,0,0,0,0,0,0,0,0,0,0
中老年女装,128.3,0,281,0,0,0,0,0,0,0,0,0,0
中老年女装,489.53,1,346,51,147.4,51,0.29,0,0,0,0,0,0
中老年女装,66.04,3,1496,82,54.81,27.33,0.2,0,0,0,0,0,0
中老年女装,398.49,3,174,101,580.46,33.67,1.72,0,0,0,0,0,0
连衣裙,529.32,0,392,0,0,0,0,0,0,0,0,0,0
中老年女装,294.31,0,379,0,0,0,0,0,0,0,0,0,0
中老年女装,812.77,0,628,0,0,0,0,0,0,0,0,0,0
牛仔裤,157.31,0,184,0,0,0,0,0,0,0,0,0,0
中老年女装,208.25,2,723,90,124.48,45,0.28,0,0,0,0,0,0
中老年女装,120.15,3,1158,176,151.99,58.67,0.26,0,0,0,0,0,0
中老年女装,319.85,0,286,0,0,0,0,0,0,0,0,0,0
中老年女装,250.71,0,313,0,0,0,0,0,0,0,0,0,0
中老年女装,358.84,0,174,0,0,0,0,0,0,0,0,0,0
西装,363.08,2,809,45,55.62,22.5,0.25,0,0,0,0,0,0
牛仔裤,228.66,0,35,0,0,0,0,0,0,0,0,0,0
裤子,217.66,0,309,0,0,0,0,0,0,0,0,0,0
中老年女装,325,2,244,81,331.97,40.5,0.82,0,0,0,0,0,0
连衣裙,673.59,1,212,34,160.38,34,0.47,0,0,0,0,0,0
连衣裙,665.09,1,340,63,185.29,63,0.29,0,0,0,0,0,0
牛仔裤,268.65,0,84,0,0,0,0,0,0,0,0,0,0
中老年女装,250.56,1,243,70,288.07,70,0.41,0,0,0,0,0,0
牛仔裤,465.58,1,169,36,213.02,36,0.59,0,0,0,0,0,0
中老年女装,277.95,1,349,61,174.79,61,0.29,0,0,0,0,0,0
职业套装/学生校服/工作制服,141.67,1,2043,36,17.62,36,0.05,0,0,0,0,0,0
连衣裙,551.59,1,351,39,111.11,39,0.28,0,0,0,0,0,0
中老年女装,273.27,1,281,72,256.23,72,0.36,0,0,0,0,0,0
中老年女装,223.43,0,159,0,0,0,0,0,0,0,0,0,0
牛仔裤,414.17,0,255,0,0,0,0,0,0,0,0,0,0
裤子,449.92,0,310,0,0,0,0,0,0,0,0,0,0
中老年女装,452.18,1,677,62,91.58,62,0.15,0,0,0,0,0,0
牛仔裤,523.33,0,369,0,0,0,0,0,0,0,0,0,0
牛仔裤,460.88,0,147,0,0,0,0,0,0,0,0,0,0
牛仔裤,211.21,0,85,0,0,0,0,0,0,0,0,0,0
中老年女装,234.67,1,462,41,88.74,41,0.22,0,0,0,0,0,0
中老年女装,102.06,0,383,0,0,0,0,0,0,0,0,0,0
连衣裙,550.08,0,116,0,0,0,0,0,0,0,0,0,0
风衣,323.39,2,705,107,151.77,53.5,0.28,0,0,0,0,0,0
中老年女装,682.64,2,850,110,129.41,55,0.24,0,0,0,0,0,0
牛仔裤,168.79,0,187,0,0,0,0,0,0,0,0,0,0
中老年女装,236.4,0,285,0,0,0,0,0,0,0,0,0,0
连衣裙,896.67,2,450,143,317.78,71.5,0.44,0,0,0,0,0,0
中老年女装,158.36,0,111,0,0,0,0,0,0,0,0,0,0
中老年女装,560.54,2,321,63,196.26,31.5,0.62,0,0,0,0,0,0
连衣裙,461.96,0,323,0,0,0,0,0,0,0,0,0,0
连衣裙,604.59,0,212,0,0,0,0,0,0,0,0,0,0
风衣,198.92,0,435,0,0,0,0,0,0,0,0,0,0
风衣,282.11,0,737,0,0,0,0,0,0,0,0,0,0
中老年女装,493.06,0,245,0,0,0,0,0,0,0,0,0,0
中老年女装,233.31,3,796,127,159.55,42.33,0.38,0,0,0,0,0,0
中老年女装,222.26,0,232,0,0,0,0,0,0,0,0,0,0
牛仔裤,229.03,0,157,0,0,0,0,0,0,0,0,0,0
中老年女装,513.11,1,438,72,164.38,72,0.23,0,0,0,0,0,0
中老年女装,164.17,5,692,121,174.86,24.2,0.72,0,0,0,0,0,0
中老年女装,88.41,6,1564,139,88.87,23.17,0.38,0,0,0,0,0,0
中老年女装,230.24,0,131,0,0,0,0,0,0,0,0,0,0
连衣裙,347.81,0,367,0,0,0,0,0,0,0,0,0,0
中老年女装,144.48,5,1888,253,134,50.6,0.26,0,0,0,0,0,0
中老年女装,408.79,0,174,0,0,0,0,0,0,0,0,0,0
蕾丝衫/雪纺衫,212.85,0,159,0,0,0,0,0,0,0,0,0,0
中老年女装,262.13,0,367,0,0,0,0,0,0,0,0,0,0
连衣裙,329.28,0,198,0,0,0,0,0,0,0,0,0,0
风衣,205.94,9,1621,307,189.39,34.11,0.56,0,0,0,0,0,0
中老年女装,283.48,3,257,81,315.18,27,1.17,0,0,0,0,0,0
连衣裙,254.21,0,542,0,0,0,0,0,0,0,0,0,0
中老年女装,461.84,0,253,0,0,0,0,0,0,0,0,0,0
连衣裙,288.21,0,190,0,0,0,0,0,0,0,0,0,0
中老年女装,344.89,0,197,0,0,0,0,0,0,0,0,0,0
中老年女装,193.48,1,584,40,68.49,40,0.17,0,0,0,0,0,0
中老年女装,259.07,1,196,72,367.35,72,0.51,0,0,0,0,0,0
牛仔裤,411.82,0,247,0,0,0,0,0,0,0,0,0,0
连衣裙,99.6,8,1174,221,188.25,27.63,0.68,0,0,0,0,0,0
裤子,309.98,0,662,0,0,0,0,0,0,0,0,0,0
牛仔裤,335.18,1,550,43,78.18,43,0.18,0,0,0,0,0,0
中老年女装,432.38,0,731,0,0,0,0,0,0,0,0,0,0
中老年女装,212.97,0,142,0,0,0,0,0,0,0,0,0,0
职业套装/学生校服/工作制服,101.46,1,1569,10,6.37,10,0.06,0,0,0,0,0,0
中老年女装,210.38,0,337,0,0,0,0,0,0,0,0,0,0
中老年女装,193.8,0,285,0,0,0,0,0,0,0,0,0,0
中老年女装,320.38,3,685,64,93.43,21.33,0.44,0,0,0,0,0,0
马夹,208.62,3,595,86,144.54,28.67,0.5,0,0,0,0,0,0
牛仔裤,333.64,0,168,0,0,0,0,0,0,0,0,0,0
中老年女装,42.6,6,1320,178,134.85,29.67,0.45,1,0,0,0,0,0
中老年女装,283.24,4,1039,220,211.74,55,0.38,0,0,11500,0,0,1
中老年女装,186.47,0,370,0,0,0,0,0,0,0,0,0,0
中老年女装,465.1,2,244,47,192.62,23.5,0.82,0,0,0,0,0,0
中老年女装,209.66,0,119,0,0,0,0,0,0,0,0,0,0
中老年女装,204.08,3,185,97,524.32,32.33,1.62,0,0,0,0,0,0
蕾丝衫/雪纺衫,329.05,0,65,0,0,0,0,0,0,0,0,0,0
毛衣,279.7,0,132,0,0,0,0,0,0,0,0,0,0
连衣裙,251.06,0,71,0,0,0,0,0,0,0,0,0,0
毛针织衫,120.53,0,72,0,0,0,0,0,0,0,0,0,0
蕾丝衫/雪纺衫,50.29,3,594,132,222.22,44,0.51,0,0,0,0,0,0
西装,164.27,1,467,42,89.94,42,0.21,0,0,0,0,0,0
蕾丝衫/雪纺衫,222.11,2,176,68,386.36,34,1.14,0,0,0,0,0,0
毛衣,46.81,4,860,167,194.19,41.75,0.47,0,0,0,0,0,0
风衣,136.4,2,344,111,322.67,55.5,0.58,2,0,0,0,0,0
风衣,129.22,0,186,0,0,0,0,0,0,0,0,0,0
短外套,61.94,9,1637,393,240.07,43.67,0.55,1,0,0,0,0,0
连衣裙,163.07,1,769,22,28.61,22,0.13,0,0,0,0,0,0
毛针织衫,202.7,0,57,0,0,0,0,0,0,0,0,0,0
皮草,76.35,3,979,153,156.28,51,0.31,1,0,0,0,0,0
连衣裙,191.99,0,273,0,0,0,0,0,0,0,0,0,0
风衣,116.69,1,869,50,57.54,50,0.12,0,0,0,0,0,0
毛针织衫,59.94,2,372,134,360.22,67,0.54,0,0,0,0,0,0
裤子,143.55,2,144,125,868.06,62.5,1.39,0,0,0,0,0,0
连衣裙,148.61,1,278,49,176.26,49,0.36,0,0,0,0,0,0
短外套,111.96,1,371,50,134.77,50,0.27,0,0,0,0,0,0
毛呢外套,70.48,15,1688,582,344.79,38.8,0.89,1,0,0,0,0,0
裤子,166.57,0,201,0,0,0,0,0,0,0,0,0,0
T恤,206.39,1,98,45,459.18,45,1.02,0,0,0,0,0,0
毛呢外套,69.04,12,1832,504,275.11,42,0.66,0,0,0,0,0,0
连衣裙,214.13,0,96,0,0,0,0,0,0,0,0,0,0
蕾丝衫/雪纺衫,181.06,0,209,0,0,0,0,0,0,0,0,0,0
毛衣,188.36,1,250,35,140,35,0.4,0,0,0,0,0,0
风衣,144.29,0,529,0,0,0,0,0,0,0,0,0,0
短外套,79.78,1,302,59,195.36,59,0.33,0,0,0,0,0,0
裤子,171.82,0,38,0,0,0,0,0,0,0,0,0,0
风衣,83.39,15,2363,832,352.09,55.47,0.63,0,0,0,0,0,0
毛呢外套,98.52,3,414,126,304.35,42,0.72,0,0,0,0,0,0
短外套,41.98,31,18970,1756,92.57,56.65,0.16,0,0,0,0,0,0
连衣裙,216.06,5,910,220,241.76,44,0.55,1,0,0,0,0,0
短外套,66.55,18,9276,911,98.21,50.61,0.19,1,1,0,0,0,0
风衣,141.25,0,59,0,0,0,0,0,0,0,0,0,0
连衣裙,477.63,0,72,0,0,0,0,0,0,0,0,0,0
连衣裙,114.5,3,912,95,104.17,31.67,0.33,1,1,0,0,0,0
蕾丝衫/雪纺衫,137.23,2,173,71,410.4,35.5,1.16,0,0,0,0,0,0
毛针织衫,94.21,0,47,0,0,0,0,0,0,0,0,0,0
蕾丝衫/雪纺衫,265.32,5,1217,242,198.85,48.4,0.41,0,0,0,0,0,0
连衣裙,140.55,0,67,0,0,0,0,0,0,0,0,0,0
连衣裙,166.43,2,275,97,352.73,48.5,0.73,0,0,0,0,0,0
裤子,188.27,0,11,0,0,0,0,0,0,0,0,0,0
毛衣,99.7,1,71,21,295.77,21,1.41,0,0,0,0,0,0
短外套,100.99,13,1744,620,355.5,47.69,0.75,6,0,0,0,0,0
皮草,87.38,0,251,0,0,0,0,0,0,0,0,0,0
蕾丝衫/雪纺衫,171.71,3,214,113,528.04,37.67,1.4,0,0,0,0,0,0
毛针织衫,140.28,0,366,0,0,0,0,0,0,0,0,0,0
衬衫,266.42,0,53,0,0,0,0,0,0,0,0,0,0
毛针织衫,110.22,1,212,52,245.28,52,0.47,0,0,0,0,0,0
连衣裙,95.94,4,482,132,273.86,33,0.83,0,0,0,0,0,0
短外套,59.09,10,4282,415,96.92,41.5,0.23,1,0,0,0,0,0
连衣裙,195.71,0,79,0,0,0,0,0,0,0,0,0,0
裤子,113.71,0,63,0,0,0,0,0,0,0,0,0,0
连衣裙,102.21,0,33,0,0,0,0,0,0,0,0,0,0
连衣裙,84.08,0,143,0,0,0,0,0,0,0,0,0,0
短外套,108.49,6,1128,256,226.95,42.67,0.53,0,0,0,0,0,0
毛针织衫,158.11,0,55,0,0,0,0,0,0,0,0,0,0
毛衣,49.08,0,458,0,0,0,0,0,0,0,0,0,0
毛针织衫,130.55,0,91,0,0,0,0,0,0,0,0,0,0
连衣裙,456.69,0,183,0,0,0,0,0,0,0,0,0,0
蕾丝衫/雪纺衫,61.72,0,263,0,0,0,0,0,0,0,0,0,0
连衣裙,173.01,1,428,27,63.08,27,0.23,0,0,0,0,0,0
毛针织衫,172.66,0,32,0,0,0,0,0,0,0,0,0,0
毛衣,110.6,1,83,54,650.6,54,1.2,0,0,0,0,0,0
毛针织衫,147.17,0,89,0,0,0,0,0,0,0,0,0,0
蕾丝衫/雪纺衫,328.61,0,94,0,0,0,0,0,0,0,0,0,0
毛针织衫,144.59,1,197,51,258.88,51,0.51,0,0,0,0,0,0
毛针织衫,150.51,0,96,0,0,0,0,0,0,0,0,0,0
蕾丝衫/雪纺衫,351.57,1,701,46,65.62,46,0.14,0,0,0,0,0,0
蕾丝衫/雪纺衫,78.88,0,173,0,0,0,0,0,0,0,0,0,0
毛针织衫,168.22,0,82,0,0,0,0,0,0,0,0,0,0
毛针织衫,147.58,0,795,0,0,0,0,0,0,0,0,0,0
半身裙,188.13,0,253,0,0,0,0,0,0,0,0,0,0
连衣裙,214.33,0,149,0,0,0,0,0,0,0,0,0,0
连衣裙,719.27,0,88,0,0,0,0,0,0,0,0,0,0
蕾丝衫/雪纺衫,78.36,0,86,0,0,0,0,0,0,0,0,0,0
连衣裙,151.47,2,188,84,446.81,42,1.06,0,0,0,0,0,0
衬衫,46.29,4,1034,130,125.73,32.5,0.39,0,0,0,0,0,0
毛衣,69.51,0,88,0,0,0,0,0,0,0,0,0,0
毛针织衫,137.92,0,89,0,0,0,0,0,0,0,0,0,0
短外套,136.48,3,498,137,275.1,45.67,0.6,0,0,0,0,0,0
毛衣,122.86,2,661,95,143.72,47.5,0.3,0,0,0,0,0,0
连衣裙,100.78,0,78,0,0,0,0,0,0,0,0,0,0
连衣裙,250.73,0,55,0,0,0,0,0,0,0,0,0,0
连衣裙,139.94,0,77,0,0,0,0,0,0,0,0,0,0
短外套,142.95,1,1143,52,45.49,52,0.09,0,0,0,0,0,0
风衣,52.72,34,6041,3716,615.13,109.29,0.56,2,1,0,0,0,0
蕾丝衫/雪纺衫,83.86,40,8923,3503,392.58,87.58,0.45,1,0,0,0,0,0
蕾丝衫/雪纺衫,101.33,105,17532,8921,508.84,84.96,0.6,11,2,0,0,0,0
连衣裙,77.76,102,10903,14715,1349.63,144.26,0.94,5,0,0,0,0,0
连衣裙,193.19,0,74,0,0,0,0,0,0,0,0,0,0
连衣裙,406.96,0,57,0,0,0,0,0,0,0,0,0,0
衬衫,162.03,0,34,0,0,0,0,0,0,0,0,0,0
半身裙,260.72,0,89,0,0,0,0,0,0,0,0,0,0
连衣裙,228.4,0,45,0,0,0,0,0,0,0,0,0,0
T恤,92.73,0,141,0,0,0,0,0,0,0,0,0,0
半身裙,53.49,0,39,0,0,0,0,0,0,0,0,0,0
衬衫,143.99,0,75,0,0,0,0,0,0,0,0,0,0
T恤,63.17,0,30,0,0,0,0,0,0,0,0,0,0
连衣裙,235.29,0,24,0,0,0,0,0,0,0,0,0,0
小背心/小吊带,355.3,0,23,0,0,0,0,0,0,0,0,0,0
连衣裙,140.91,0,47,0,0,0,0,0,0,0,0,0,0
小背心/小吊带,84.02,0,50,0,0,0,0,0,0,0,0,0,0
衬衫,88.2,0,132,0,0,0,0,0,0,0,0,0,0
半身裙,61.4,12,1435,278,193.73,23.17,0.84,0,0,0,0,0,0
T恤,270.33,0,36,0,0,0,0,0,0,0,0,0,0
衬衫,140.28,0,36,0,0,0,0,0,0,0,0,0,0
半身裙,362.17,1,66,13,196.97,13,1.52,0,0,0,0,0,0
小背心/小吊带,177.08,0,36,0,0,0,0,0,0,0,0,0,0
短外套,292.91,3,367,61,166.21,20.33,0.82,0,0,0,0,0,0
连衣裙,122.23,0,153,0,0,0,0,0,0,0,0,0,0
连衣裙,183.65,0,17,0,0,0,0,0,0,0,0,0,0
连衣裙,446.17,0,54,0,0,0,0,0,0,0,0,0,0
裤子,150.67,0,36,0,0,0,0,0,0,0,0,0,0
蕾丝衫/雪纺衫,69.7,0,23,0,0,0,0,0,0,0,0,0,0
连衣裙,182.42,0,19,0,0,0,0,0,0,0,0,0,0
连衣裙,594.92,1,60,21,350,21,1.67,0,0,0,0,0,0
T恤,180.62,0,61,0,0,0,0,0,0,0,0,0,0
连衣裙,75.23,10,813,356,437.88,35.6,1.23,1,0,0,0,0,0
连衣裙,422.64,2,97,42,432.99,21,2.06,1,0,0,0,0,0
连衣裙,425.28,1,115,20,173.91,20,0.87,0,0,0,0,0,0
连衣裙,236.46,1,197,10,50.76,10,0.51,0,0,0,0,0,0
连衣裙,122.43,0,131,0,0,0,0,0,0,0,0,0,0
T恤,452.22,0,51,0,0,0,0,0,0,0,0,0,0
蕾丝衫/雪纺衫,33.74,7,957,187,195.4,26.71,0.73,0,0,0,0,0,0
连衣裙,346.97,0,32,0,0,0,0,0,0,0,0,0,0
连衣裙,92.06,0,212,0,0,0,0,0,0,0,0,0,0
连衣裙,177.5,0,12,0,0,0,0,0,0,0,0,0,0
T恤,213.14,0,14,0,0,0,0,0,0,0,0,0,0
连衣裙,452.74,0,65,0,0,0,0,0,0,0,0,0,0
连衣裙,129.6,0,215,0,0,0,0,0,0,0,0,0,0
连衣裙,158.36,0,39,0,0,0,0,0,0,0,0,0,0
蕾丝衫/雪纺衫,87.15,0,20,0,0,0,0,0,0,0,0,0,0
T恤,49.66,37,4079,1179,289.04,31.86,0.91,4,0,0,0,0,0
连衣裙,166.71,1,14,22,1571.43,22,7.14,0,0,0,0,0,0
T恤,273.51,0,154,0,0,0,0,0,0,0,0,0,0
连衣裙,159.99,0,197,0,0,0,0,0,0,0,0,0,0
连衣裙,153.52,0,46,0,0,0,0,0,0,0,0,0,0
连衣裙,95.22,1,170,37,217.65,37,0.59,0,0,0,0,0,0
连衣裙,93.49,0,35,0,0,0,0,0,0,0,0,0,0
T恤,13.8,0,5,0,0,0,0,0,0,0,0,0,0
T恤,158.33,0,12,0,0,0,0,0,0,0,0,0,0
蕾丝衫/雪纺衫,319.45,2,111,53,477.48,26.5,1.8,0,0,0,0,0,0
连衣裙,170.2,0,40,0,0,0,0,0,0,0,0,0,0
连衣裙,374.69,0,61,0,0,0,0,0,0,0,0,0,0
蕾丝衫/雪纺衫,234.63,1,108,40,370.37,40,0.93,0,0,0,0,0,0
连衣裙,209.26,1,34,29,852.94,29,2.94,0,0,0,0,0,0
蕾丝衫/雪纺衫,117.05,0,56,0,0,0,0,0,0,0,0,0,0
衬衫,131.24,2,225,44,195.56,22,0.89,0,0,0,0,0,0
连衣裙,260.61,8,523,290,554.49,36.25,1.53,0,0,0,0,0,0
半身裙,352.01,1,136,29,213.24,29,0.74,0,0,0,0,0,0
毛衣,78.56,0,206,0,0,0,0,0,0,0,0,0,0
毛衣,174.07,1,61,23,377.05,23,1.64,0,0,0,0,0,0
连衣裙,184.67,1,36,18,500,18,2.78,0,0,0,0,0,0
毛衣,115.65,0,189,0,0,0,0,0,0,0,0,0,0
裤子,89.44,0,9,0,0,0,0,0,0,0,0,0,0
毛衣,85.78,0,87,0,0,0,0,0,0,0,0,0,0
毛衣,245.54,3,137,83,605.84,27.67,2.19,0,0,0,0,0,0
皮草,97.68,0,258,0,0,0,0,0,0,0,0,0,0
毛衣,108.97,0,35,0,0,0,0,0,0,0,0,0,0
短外套,164.01,0,75,0,0,0,0,0,0,0,0,0,0
毛衣,113.66,0,101,0,0,0,0,0,0,0,0,0,0
连衣裙,393.25,0,51,0,0,0,0,0,0,0,0,0,0
连衣裙,140.2,1,75,45,600,45,1.33,0,0,0,0,0,0
连衣裙,197.6,0,10,0,0,0,0,0,0,0,0,0,0
毛针织衫,90.83,0,6,0,0,0,0,0,0,0,0,0,0
毛针织衫,99.63,0,8,0,0,0,0,0,0,0,0,0,0
裤子,66.66,2,873,128,146.62,64,0.23,0,0,0,0,0,0
连衣裙,44.61,0,312,0,0,0,0,0,0,0,0,0,0
皮草,123.1,0,189,0,0,0,0,0,0,0,0,0,0
半身裙,171.99,0,99,0,0,0,0,0,0,0,0,0,0
卫衣/绒衫,76.17,1,227,10,44.05,10,0.44,0,0,0,0,0,0
半身裙,342.63,0,56,0,0,0,0,0,0,0,0,0,0
T恤,250.86,2,415,88,212.05,44,0.48,0,0,0,0,0,0
毛衣,103.05,1,1118,20,17.89,20,0.09,0,0,0,0,0,0
牛仔裤,303.17,0,222,0,0,0,0,0,0,0,0,0,0
牛仔裤,172.47,0,53,0,0,0,0,0,0,0,0,0,0
T恤,225.71,0,331,0,0,0,0,0,0,0,0,0,0
短外套,145.54,0,198,0,0,0,0,0,0,0,0,0,0
毛呢外套,283.49,0,567,0,0,0,0,0,0,0,0,0,0
半身裙,106.36,1,261,36,137.93,36,0.38,0,0,0,0,0,0
棉衣/棉服,96.06,0,152,0,0,0,0,0,0,0,0,0,0
连衣裙,126.57,0,88,0,0,0,0,0,0,0,0,0,0
T恤,160.03,0,37,0,0,0,0,0,0,0,0,0,0
皮草,130.55,0,83,0,0,0,0,0,0,0,0,0,0
职业套装/学生校服/工作制服,67.43,7,1936,244,126.03,34.86,0.36,0,0,0,0,0,0
T恤,149.82,3,820,99,120.73,33,0.37,0,0,0,0,0,0
牛仔裤,208.44,0,27,0,0,0,0,0,0,0,0,0,0
短外套,115.7,0,173,0,0,0,0,0,0,0,0,0,0
牛仔裤,187.81,0,57,0,0,0,0,0,0,0,0,0,0
牛仔裤,244.42,0,19,0,0,0,0,0,0,0,0,0,0
职业套装/学生校服/工作制服,113.5,0,240,0,0,0,0,0,0,0,0,0,0
牛仔裤,103.53,0,96,0,0,0,0,0,0,0,0,0,0
裤子,158.52,0,133,0,0,0,0,0,0,0,0,0,0
牛仔裤,306.43,0,816,0,0,0,0,0,0,0,0,0,0
牛仔裤,50.19,0,131,0,0,0,0,0,0,0,0,0,0
连衣裙,102.82,0,142,0,0,0,0,0,0,0,0,0,0
毛针织衫,67.5,0,66,0,0,0,0,0,0,0,0,0,0
毛衣,135.44,0,62,0,0,0,0,0,0,0,0,0,0
裤子,69.61,0,23,0,0,0,0,0,0,0,0,0,0
裤子,73.76,0,265,0,0,0,0,0,0,0,0,0,0
西装,205.44,0,81,0,0,0,0,0,0,0,0,0,0
半身裙,158.39,0,94,0,0,0,0,0,0,0,0,0,0
T恤,182.87,0,168,0,0,0,0,0,0,0,0,0,0
连衣裙,120.45,0,85,0,0,0,0,0,0,0,0,0,0
T恤,413.49,0,49,0,0,0,0,0,0,0,0,0,0
连衣裙,138.06,0,109,0,0,0,0,0,0,0,0,0,0
毛衣,105.06,1,124,17,137.1,17,0.81,0,0,0,0,0,0
牛仔裤,119.46,0,37,0,0,0,0,0,0,0,0,0,0
牛仔裤,304.46,0,138,0,0,0,0,0,0,0,0,0,0
短外套,106.66,0,203,0,0,0,0,0,0,0,0,0,0
牛仔裤,338.02,1,58,26,448.28,26,1.72,0,0,0,0,0,0
衬衫,132.56,0,224,0,0,0,0,0,0,0,0,0,0
裤子,192.68,0,25,0,0,0,0,0,0,0,0,0,0
牛仔裤,70.33,0,6,0,0,0,0,0,0,0,0,0,0
牛仔裤,125.37,0,84,0,0,0,0,0,0,0,0,0,0
连衣裙,379.18,0,319,0,0,0,0,0,0,0,0,0,0
连衣裙,212.31,2,661,48,72.62,24,0.3,0,0,0,0,0,0
牛仔裤,222.71,1,182,59,324.18,59,0.55,0,0,0,0,0,0
毛衣,104.69,1,372,59,158.6,59,0.27,1,0,0,0,0,0
毛衣,67.75,1,258,41,158.91,41,0.39,0,0,0,0,0,0
半身裙,146.54,1,585,22,37.61,22,0.17,0,0,0,0,0,0
毛衣,72.72,0,106,0,0,0,0,0,0,0,0,0,0
牛仔裤,282.97,0,77,0,0,0,0,0,0,0,0,0,0
牛仔裤,52.32,0,22,0,0,0,0,0,0,0,0,0,0
西装,282.59,7,1168,287,245.72,41,0.6,0,0,0,0,0,0
T恤,124.92,0,72,0,0,0,0,0,0,0,0,0,0
半身裙,175.49,0,49,0,0,0,0,0,0,0,0,0,0
T恤,89.54,0,97,0,0,0,0,0,0,0,0,0,0
短外套,96.42,0,136,0,0,0,0,0,0,0,0,0,0
牛仔裤,373.85,0,46,0,0,0,0,0,0,0,0,0,0
连衣裙,148.09,0,11,0,0,0,0,0,0,0,0,0,0
连衣裙,287.7,0,56,0,0,0,0,0,0,0,0,0,0
蕾丝衫/雪纺衫,126.93,1,90,13,144.44,13,1.11,0,0,0,0,0,0
短外套,142.29,1,853,56,65.65,56,0.12,0,0,0,0,0,0
短外套,219.52,1,413,27,65.38,27,0.24,0,0,0,0,0,0
半身裙,326.05,1,129,26,201.55,26,0.78,0,0,0,0,0,0
毛衣,104.48,0,86,0,0,0,0,0,0,0,0,0,0
西装,110.45,2,688,64,93.02,32,0.29,0,0,0,0,0,0
牛仔裤,67.6,0,48,0,0,0,0,0,0,0,0,0,0
连衣裙,189.91,0,32,0,0,0,0,0,0,0,0,0,0
半身裙,223.26,3,372,122,327.96,40.67,0.81,0,0,0,0,0,0
毛呢外套,135.57,1,100,38,380,38,1,1,0,0,0,0,0
羽绒服,87.26,0,252,0,0,0,0,0,0,0,0,0,0
羽绒服,65.34,0,101,0,0,0,0,0,0,0,0,0,0
牛仔裤,154.14,0,21,0,0,0,0,0,0,0,0,0,0
职业套装/学生校服/工作制服,117.42,0,379,0,0,0,0,0,0,0,0,0,0
毛衣,102.52,0,168,0,0,0,0,0,0,0,0,0,0
毛衣,81.84,0,50,0,0,0,0,0,0,0,0,0,0
毛衣,96.96,1,92,29,315.22,29,1.09,0,0,0,0,0,0
羽绒服,92.46,2,177,28,158.19,14,1.13,0,0,0,0,0,0
裤子,107.31,0,627,0,0,0,0,0,0,0,0,0,0
短外套,121.88,0,80,0,0,0,0,0,0,0,0,0,0
牛仔裤,71.05,0,220,0,0,0,0,0,0,0,0,0,0
牛仔裤,161.67,0,42,0,0,0,0,0,0,0,0,0,0
连衣裙,320.93,0,198,0,0,0,0,0,0,0,0,0,0
风衣,427.28,1,515,30,58.25,30,0.19,0,0,0,0,0,0
棉衣/棉服,168.1,0,226,0,0,0,0,0,0,0,0,0,0
T恤,135.96,0,180,0,0,0,0,0,0,0,0,0,0
牛仔裤,406.4,0,204,0,0,0,0,0,0,0,0,0,0
牛仔裤,270.04,0,28,0,0,0,0,0,0,0,0,0,0
棉衣/棉服,184.07,0,172,0,0,0,0,0,0,0,0,0,0
牛仔裤,337.31,0,29,0,0,0,0,0,0,0,0,0,0
毛衣,131.93,1,255,12,47.06,12,0.39,0,0,0,0,0,0
牛仔裤,207.63,0,70,0,0,0,0,0,0,0,0,0,0
半身裙,131.75,0,234,0,0,0,0,0,0,0,0,0,0
连衣裙,459.85,0,20,0,0,0,0,0,0,0,0,0,0
职业套装/学生校服/工作制服,220.43,0,54,0,0,0,0,0,0,0,0,0,0
毛呢外套,98.08,0,160,0,0,0,0,0,0,0,0,0,0
连衣裙,82.15,2,312,68,217.95,34,0.64,6,1,0,0,0,0
牛仔裤,152.21,0,14,0,0,0,0,0,0,0,0,0,0
短外套,386.23,0,343,0,0,0,0,0,0,0,0,0,0
短外套,80.82,10,813,344,423.12,34.4,1.23,1,0,0,0,0,0
半身裙,89.74,0,96,0,0,0,0,0,0,0,0,0,0
连衣裙,87.15,0,67,0,0,0,0,0,0,0,0,0,0
连衣裙,226.78,2,201,30,149.25,15,1,0,0,0,0,0,0
牛仔裤,201.15,0,78,0,0,0,0,0,0,0,0,0,0
西装,201.17,1,186,23,123.66,23,0.54,0,0,0,0,0,0
连衣裙,357.21,0,39,0,0,0,0,0,0,0,0,0,0
牛仔裤,148.5,0,14,0,0,0,0,0,0,0,0,0,0
T恤,53.61,14,2246,492,219.06,35.14,0.62,2,0,0,0,0,0
连衣裙,295.26,2,349,70,200.57,35,0.57,0,0,0,0,0,0
皮草,61.02,0,122,0,0,0,0,0,0,0,0,0,0
牛仔裤,193.54,0,26,0,0,0,0,0,0,0,0,0,0
牛仔裤,141.63,1,153,19,124.18,19,0.65,0,0,0,0,0,0
风衣,138.21,52,7066,1790,253.33,34.42,0.74,3,2,0,0,0,0
连衣裙,60.76,0,650,0,0,0,0,0,0,0,0,0,0
T恤,173.49,0,101,0,0,0,0,0,0,0,0,0,0
衬衫,156.33,1,194,34,175.26,34,0.52,0,0,0,0,0,0
衬衫,161.43,1,355,29,81.69,29,0.28,0,0,0,0,0,0
牛仔裤,134.84,1,102,18,176.47,18,0.98,0,0,0,0,0,0
毛衣,101.04,0,235,0,0,0,0,0,0,0,0,0,0
毛衣,60.55,0,86,0,0,0,0,0,0,0,0,0,0
牛仔裤,45.82,0,68,0,0,0,0,0,0,0,0,0,0
裤子,77.72,0,124,0,0,0,0,0,0,0,0,0,0
小背心/小吊带,329.33,1,1469,12,8.17,12,0.07,0,0,0,0,0,0
半身裙,133.44,8,2827,244,86.31,30.5,0.28,0,0,0,0,0,0
牛仔裤,122.86,0,7,0,0,0,0,0,0,0,0,0,0
裤子,238.76,0,70,0,0,0,0,0,0,0,0,0,0
连衣裙,197.91,0,378,0,0,0,0,0,0,0,0,0,0
牛仔裤,49.49,0,69,0,0,0,0,0,0,0,0,0,0
裤子,204.25,1,67,18,268.66,18,1.49,0,0,0,0,0,0
连衣裙,250.29,4,409,142,347.19,35.5,0.98,0,0,0,0,0,0
T恤,156.04,0,24,0,0,0,0,0,0,0,0,0,0
裤子,137.78,0,125,0,0,0,0,0,0,0,0,0,0
棉衣/棉服,61.95,2,565,98,173.45,49,0.35,0,0,0,0,0,0
蕾丝衫/雪纺衫,396.9,0,1001,0,0,0,0,0,0,0,0,0,0
连衣裙,299.91,0,255,0,0,0,0,0,0,0,0,0,0
半身裙,144.55,6,265,228,860.38,38,2.26,0,0,0,0,0,0
职业套装/学生校服/工作制服,67.14,0,504,0,0,0,0,0,0,0,0,0,0
牛仔裤,89.79,0,24,0,0,0,0,0,0,0,0,0,0
T恤,189.55,0,119,0,0,0,0,0,0,0,0,0,0
T恤,198.85,0,209,0,0,0,0,0,0,0,0,0,0
T恤,78.09,0,67,0,0,0,0,0,0,0,0,0,0
连衣裙,202.26,1,181,48,265.19,48,0.55,0,0,0,0,0,0
连衣裙,206.73,0,51,0,0,0,0,0,0,0,0,0,0
牛仔裤,990.24,0,246,0,0,0,0,0,0,0,0,0,0
毛衣,85.66,0,62,0,0,0,0,0,0,0,0,0,0
T恤,127.79,0,57,0,0,0,0,0,0,0,0,0,0
T恤,275.63,0,189,0,0,0,0,0,0,0,0,0,0
牛仔裤,122.01,1,223,17,76.23,17,0.45,0,0,0,0,0,0
裤子,131.43,1,113,53,469.03,53,0.88,1,0,0,0,0,0
T恤,204.61,0,28,0,0,0,0,0,0,0,0,0,0
连衣裙,223.35,0,52,0,0,0,0,0,0,0,0,0,0
毛衣,82.3,1,130,32,246.15,32,0.77,0,0,0,0,0,0
T恤,307.67,0,66,0,0,0,0,0,0,0,0,0,0
连衣裙,124.5,2,911,43,47.2,21.5,0.22,0,0,0,0,0,0
连衣裙,190.71,6,970,261,269.07,43.5,0.62,1,0,0,0,0,0
风衣,98.29,2,968,146,150.83,73,0.21,0,0,0,0,0,0
小背心/小吊带,296.88,1,1873,47,25.09,47,0.05,0,0,0,0,0,0
蕾丝衫/雪纺衫,184.54,2,433,29,66.97,14.5,0.46,0,0,0,0,0,0
T恤,300.43,0,321,0,0,0,0,0,0,0,0,0,0
连衣裙,164.65,1,340,21,61.76,21,0.29,0,0,0,0,0,0
T恤,225.54,0,92,0,0,0,0,0,0,0,0,0,0
连衣裙,558.15,0,33,0,0,0,0,0,0,0,0,0,0
蕾丝衫/雪纺衫,367.83,1,195,22,112.82,22,0.51,0,0,0,0,0,0
毛呢外套,268.67,1,656,35,53.35,35,0.15,0,0,0,0,0,0
连衣裙,111.82,3,1179,78,66.16,26,0.25,1,0,0,0,0,0
衬衫,65.05,0,78,0,0,0,0,0,0,0,0,0,0
蕾丝衫/雪纺衫,204.64,0,85,0,0,0,0,0,0,0,0,0,0
T恤,276.72,2,477,84,176.1,42,0.42,0,0,0,0,0,0
职业套装/学生校服/工作制服,103.63,0,283,0,0,0,0,0,0,0,0,0,0
T恤,60.37,6,631,172,272.58,28.67,0.95,0,0,0,0,0,0
裤子,190.02,0,202,0,0,0,0,0,0,0,0,0,0
T恤,169.86,7,1057,250,236.52,35.71,0.66,2,0,0,0,0,0
T恤,287.48,3,450,220,488.89,73.33,0.67,0,0,0,0,0,0
衬衫,111.01,2,1787,89,49.8,44.5,0.11,0,0,0,0,0,0
连衣裙,221.01,1,535,49,91.59,49,0.19,0,0,0,0,0,0
蕾丝衫/雪纺衫,94.03,1,188,23,122.34,23,0.53,0,0,0,0,0,0
T恤,76.85,8,465,225,483.87,28.13,1.72,0,0,0,0,0,0
连衣裙,207.33,2,867,52,59.98,26,0.23,0,0,0,0,0,0
牛仔裤,97.15,3,521,90,172.74,30,0.58,0,0,0,0,0,0
T恤,102.7,7,764,229,299.74,32.71,0.92,0,0,0,0,0,0
裤子,79.73,11,11998,643,53.59,58.45,0.09,0,0,0,0,0,0
蕾丝衫/雪纺衫,62.74,173,21198,8820,416.08,50.98,0.82,6,0,0,0,0,0
裤子,82.29,132,20828,6309,302.91,47.8,0.63,4,1,0,18700,2,0
牛仔裤,88.48,13,4576,725,158.44,55.77,0.28,1,0,0,0,0,0
T恤,64.52,35,8821,2022,229.23,57.77,0.4,3,1,0,0,0,0
裤子,69.96,62,8636,3436,397.87,55.42,0.72,0,0,0,0,0,0
蕾丝衫/雪纺衫,72.09,439,54588,22305,408.61,50.81,0.8,11,6,17300,76950,9,2
裤子,25.13,157,18137,7512,414.18,47.85,0.87,2,0,35300,0,0,3
裤子,115.03,13,3715,716,192.73,55.08,0.35,0,0,0,0,0,0
裤子,47.42,194,22460,9717,432.64,50.09,0.86,15,2,34600,8910,1,4
T恤,105.93,0,14,0,0,0,0,0,0,0,0,0,0
T恤,440.19,0,52,0,0,0,0,0,0,0,0,0,0
T恤,69,1,18,6,333.33,6,5.56,0,0,0,0,0,0
T恤,84.55,0,20,0,0,0,0,0,0,0,0,0,0
T恤,61.81,1,36,7,194.44,7,2.78,0,0,0,0,0,0
T恤,269.23,2,172,15,87.21,7.5,1.16,0,0,0,0,0,0
小背心/小吊带,161.8,1,125,14,112,14,0.8,0,0,0,0,0,0
T恤,405.84,0,103,0,0,0,0,0,0,0,0,0,0
T恤,48,0,15,0,0,0,0,0,0,0,0,0,0
T恤,139.45,0,71,0,0,0,0,0,0,0,0,0,0
T恤,465.8,0,117,0,0,0,0,0,0,0,0,0,0
T恤,90.8,0,331,0,0,0,0,0,0,0,0,0,0
T恤,415.56,0,70,0,0,0,0,0,0,0,0,0,0
T恤,100.86,0,86,0,0,0,0,0,0,0,0,0,0
T恤,160.91,0,11,0,0,0,0,0,0,0,0,0,0
T恤,62.5,0,16,0,0,0,0,0,0,0,0,0,0
小背心/小吊带,63.63,1,79,5,63.29,5,1.27,0,0,0,0,0,0
T恤,71.94,0,16,0,0,0,0,0,0,0,0,0,0
T恤,45.37,0,27,0,0,0,0,0,0,0,0,0,0
T恤,99.33,0,6,0,0,0,0,0,0,0,0,0,0
T恤,116.5,0,8,0,0,0,0,0,0,0,0,0,0
T恤,60.37,0,19,0,0,0,0,0,0,0,0,0,0
T恤,214.78,0,9,0,0,0,0,0,0,0,0,0,0
T恤,336.72,0,133,0,0,0,0,0,0,0,0,0,0
蕾丝衫/雪纺衫,357.2,6,562,49,87.19,8.17,1.07,1,0,0,0,0,0
T恤,152.64,0,14,0,0,0,0,0,0,0,0,0,0
T恤,73.89,0,9,0,0,0,0,0,0,0,0,0,0
连衣裙,483.45,0,55,0,0,0,0,0,0,0,0,0,0
T恤,171.49,0,45,0,0,0,0,0,0,0,0,0,0
T恤,40.14,3,188,36,191.49,12,1.6,0,0,0,0,0,0
T恤,48.61,1,74,6,81.08,6,1.35,0,0,0,0,0,0
T恤,54.31,0,16,0,0,0,0,0,0,0,0,0,0
T恤,83,0,32,0,0,0,0,0,0,0,0,0,0
T恤,166.67,0,9,0,0,0,0,0,0,0,0,0,0
T恤,22.57,0,46,0,0,0,0,0,0,0,0,0,0
T恤,138.5,0,2,0,0,0,0,0,0,0,0,0,0
蕾丝衫/雪纺衫,88.65,2,83,22,265.06,11,2.41,0,0,0,0,0,0
T恤,70.33,0,12,0,0,0,0,0,0,0,0,0,0
T恤,422.88,0,33,0,0,0,0,0,0,0,0,0,0
T恤,81.04,9,397,55,138.54,6.11,2.27,1,0,0,0,0,0
T恤,34.67,0,12,0,0,0,0,0,0,0,0,0,0
毛针织衫,148.52,8,656,47,71.65,5.88,1.22,2,0,4859,1901,1,1
蕾丝衫/雪纺衫,336.32,0,66,0,0,0,0,0,0,0,0,0,0
T恤,123.83,10,99,101,1020.2,10.1,10.1,2,0,0,0,0,0
T恤,79.3,0,10,0,0,0,0,0,0,0,0,0,0
T恤,114,0,28,0,0,0,0,0,0,0,0,0,0
T恤,247.39,0,104,0,0,0,0,0,0,0,0,0,0
T恤,41.59,1,59,8,135.59,8,1.69,0,0,0,0,0,0
T恤,131.95,0,19,0,0,0,0,0,0,0,0,0,0
T恤,81.28,1,18,5,277.78,5,5.56,0,0,0,0,0,0
T恤,47.08,2,408,46,112.75,23,0.49,0,0,0,0,0,0
T恤,159.7,0,46,0,0,0,0,0,0,0,0,0,0
T恤,87.83,2,143,12,83.92,6,1.4,0,0,0,0,0,0
T恤,165.17,0,18,0,0,0,0,0,0,0,0,0,0
T恤,92.06,0,17,0,0,0,0,0,0,0,0,0,0
T恤,93.08,0,13,0,0,0,0,0,0,0,0,0,0
T恤,134.84,2,94,21,223.4,10.5,2.13,0,0,0,0,0,0
T恤,111,0,1,0,0,0,0,0,0,0,0,0,0
T恤,108.12,0,52,0,0,0,0,0,0,0,0,0,0
T恤,52.22,2,9,16,1777.78,8,22.22,0,1,0,0,0,0
T恤,166.5,0,8,0,0,0,0,0,0,0,0,0,0
T恤,30.95,1,306,10,32.68,10,0.33,0,0,0,0,0,0
T恤,245.17,0,54,0,0,0,0,0,0,0,0,0,0
T恤,138.62,2,346,16,46.24,8,0.58,0,0,0,0,0,0
T恤,79.02,1,180,13,72.22,13,0.56,0,0,0,0,0,0
T恤,32.85,0,26,0,0,0,0,0,0,0,0,0,0
T恤,99,0,18,0,0,0,0,0,0,0,0,0,0
T恤,64.33,1,49,6,122.45,6,2.04,0,0,0,0,0,0
T恤,80.92,1,88,1,11.36,1,1.14,0,0,0,0,0,0
T恤,80.62,20,1929,289,149.82,14.45,1.04,0,0,0,0,0,0
T恤,115.5,0,8,0,0,0,0,0,0,0,0,0,0
T恤,129,0,2,0,0,0,0,0,0,0,0,0,0
T恤,76.16,1,434,15,34.56,15,0.23,0,0,0,0,0,0
T恤,152.82,0,87,0,0,0,0,0,0,0,0,0,0
T恤,112.33,0,6,0,0,0,0,0,0,0,0,0,0
T恤,121.81,1,42,14,333.33,14,2.38,0,0,0,0,0,0
T恤,224.95,0,37,0,0,0,0,0,0,0,0,0,0
T恤,51.61,0,105,0,0,0,0,0,0,0,0,0,0
T恤,47.71,15,791,159,201.01,10.6,1.9,0,0,0,0,0,0
T恤,44.21,1,200,12,60,12,0.5,0,0,0,0,0,0
T恤,58.34,0,90,0,0,0,0,0,0,0,0,0,0
T恤,167.68,8,1138,98,86.12,12.25,0.7,1,0,0,0,0,0
T恤,118.45,2,280,29,103.57,14.5,0.71,0,0,0,0,0,0
蕾丝衫/雪纺衫,374.05,1,288,8,27.78,8,0.35,0,0,0,0,0,0
T恤,60.73,2,218,18,82.57,9,0.92,0,0,0,0,0,0
T恤,237.84,0,51,0,0,0,0,0,0,0,0,0,0
T恤,129.65,0,57,0,0,0,0,0,0,0,0,0,0
T恤,118.27,0,11,0,0,0,0,0,0,0,0,0,0
T恤,99.08,1,236,16,67.8,16,0.42,0,0,0,0,0,0
T恤,54.52,0,44,0,0,0,0,0,0,0,0,0,0
T恤,145.6,0,5,0,0,0,0,0,0,0,0,0,0
T恤,126.89,3,187,31,165.78,10.33,1.6,0,0,0,0,0,0
T恤,105.27,1,392,15,38.27,15,0.26,0,0,0,0,0,0
T恤,131,1,167,10,59.88,10,0.6,1,0,0,0,0,0
T恤,235.79,0,52,0,0,0,0,0,0,0,0,0,0
T恤,143.88,0,25,0,0,0,0,0,0,0,0,0,0
T恤,143.32,1,28,18,642.86,18,3.57,0,0,0,0,0,0
连衣裙,353.33,1,61,16,262.3,16,1.64,0,0,0,0,0,0
T恤,68.25,6,1328,101,76.05,16.83,0.45,4,0,0,0,0,0
T恤,121.85,0,61,0,0,0,0,0,0,0,0,0,0
T恤,89.04,0,50,0,0,0,0,0,0,0,0,0,0
小背心/小吊带,174.77,0,56,0,0,0,0,0,0,0,0,0,0
T恤,97.5,0,42,0,0,0,0,0,0,0,0,0,0
T恤,53.46,15,3852,247,64.12,16.47,0.39,6,0,0,0,0,0
T恤,211.7,0,100,0,0,0,0,0,0,0,0,0,0
T恤,99.66,0,41,0,0,0,0,0,0,0,0,0,0
T恤,184.79,0,86,0,0,0,0,0,0,0,0,0,0
T恤,50.61,41,2707,835,308.46,20.37,1.51,3,0,4800,0,0,1
裤子,117.49,2,452,23,50.88,11.5,0.44,0,0,0,0,0,0
小背心/小吊带,256.95,6,860,59,68.6,9.83,0.7,1,0,0,0,0,0
半身裙,159.69,2,747,44,58.9,22,0.27,0,0,0,0,0,0
T恤,93.66,2,313,17,54.31,8.5,0.64,0,0,0,0,0,0
小背心/小吊带,354.74,0,68,0,0,0,0,0,0,0,0,0,0
小背心/小吊带,194.65,3,588,42,71.43,14,0.51,0,0,0,0,0,0
小背心/小吊带,106.41,0,41,0,0,0,0,0,0,0,0,0,0
小背心/小吊带,234,1,58,10,172.41,10,1.72,0,0,0,0,0,0
小背心/小吊带,86.98,8,676,155,229.29,19.38,1.18,0,0,2210,0,0,1
衬衫,72.55,50,4820,987,204.77,19.74,1.04,2,0,0,0,0,0
连衣裙,206.12,1,399,11,27.57,11,0.25,0,0,0,0,0,0
连衣裙,131.12,48,4813,810,168.29,16.88,1,3,1,0,0,0,0
T恤,170.75,2,393,42,106.87,21,0.51,0,0,0,0,0,0
连衣裙,170.48,4,618,64,103.56,16,0.65,0,0,0,0,0,0
T恤,353.4,0,25,0,0,0,0,0,0,0,0,0,0
连衣裙,194.67,1,308,21,68.18,21,0.32,1,0,0,0,0,0
衬衫,91.85,34,4313,588,136.33,17.29,0.79,1,0,0,0,0,0
衬衫,65.68,88,7616,1751,229.91,19.9,1.16,6,1,6745,0,0,1
衬衫,98.2,8,1784,144,80.72,18,0.45,0,0,0,5320,1,0
T恤,64.77,30,2646,593,224.11,19.77,1.13,2,1,0,0,0,0
T恤,197.44,1,275,12,43.64,12,0.36,0,0,0,0,0,0
小背心/小吊带,72.31,7,1382,93,67.29,13.29,0.51,0,0,0,0,0,0
衬衫,45.83,38,6150,793,128.94,20.87,0.62,0,0,0,0,0,0
连衣裙,122.95,4,1335,126,94.38,31.5,0.3,0,0,0,0,0,0
衬衫,59.03,50,3787,973,256.93,19.46,1.32,3,0,0,0,0,0
T恤,60.44,13,1772,362,204.29,27.85,0.73,2,0,0,0,0,0
衬衫,118.94,21,2382,374,157.01,17.81,0.88,2,0,0,0,0,0
T恤,73.77,6,891,113,126.82,18.83,0.67,3,0,0,0,0,0
连衣裙,91.67,23,2047,358,174.89,15.57,1.12,1,0,0,19890,7,0
半身裙,106.63,27,4055,519,127.99,19.22,0.67,0,0,0,0,0,0
衬衫,81.75,3,1586,61,38.46,20.33,0.19,0,0,0,0,0,0
蕾丝衫/雪纺衫,441.65,42,4280,764,178.5,18.19,0.98,4,0,0,0,0,0
衬衫,65.82,66,7792,1362,174.79,20.64,0.85,3,0,0,0,0,0
衬衫,84.94,22,2336,412,176.37,18.73,0.94,0,1,0,0,0,0
衬衫,165.07,33,3853,807,209.45,24.45,0.86,1,0,7409,0,0,1
衬衫,69.29,23,4994,605,121.15,26.3,0.46,0,0,0,0,0,0
衬衫,91.93,2,812,56,68.97,28,0.25,0,0,0,0,0,0
连衣裙,205.66,19,2720,545,200.37,28.68,0.7,2,0,0,0,0,0
半身裙,171.76,17,3329,268,80.5,15.76,0.51,0,0,0,0,0,0
连衣裙,141.82,16,1407,417,296.38,26.06,1.14,0,0,7680,0,0,1
连衣裙,165.49,0,158,0,0,0,0,0,0,0,0,0,0
衬衫,165.11,15,3457,398,115.13,26.53,0.43,1,0,0,0,0,0
衬衫,75.33,11,2343,299,127.61,27.18,0.47,0,0,7680,0,0,1
衬衫,70.6,5,1699,73,42.97,14.6,0.29,0,0,0,0,0,0
T恤,81.74,8,1661,187,112.58,23.38,0.48,1,0,0,0,0,0
T恤,111.63,7,1275,103,80.78,14.71,0.55,0,0,0,0,0,0
小背心/小吊带,93.02,9,766,124,161.88,13.78,1.17,0,0,2128,8610,5,1
T恤,134.05,3,734,67,91.28,22.33,0.41,0,0,0,0,0,0
半身裙,159.44,24,2737,465,169.89,19.38,0.88,0,0,5891,0,0,1
衬衫,78.33,38,4083,974,238.55,25.63,0.93,2,0,0,0,0,0
小背心/小吊带,67.08,7,334,123,368.26,17.57,2.1,0,0,0,0,0,0
T恤,161.09,1,186,21,112.9,21,0.54,0,0,0,0,0,0
衬衫,63.99,39,5243,1064,202.94,27.28,0.74,9,0,0,0,0,0
裤子,59.13,41,4787,1000,208.9,24.39,0.86,0,1,0,0,0,0
T恤,108.92,15,3127,409,130.8,27.27,0.48,1,0,0,0,0,0
裤子,64.43,14,1658,298,179.73,21.29,0.84,0,0,0,0,0,0
蕾丝衫/雪纺衫,68.31,118,8062,2958,366.91,25.07,1.46,14,1,0,0,0,0
衬衫,52.32,64,7192,1661,230.95,25.95,0.89,1,1,0,0,0,0
衬衫,41.68,180,12710,5196,408.81,28.87,1.42,7,0,0,0,0,0
衬衫,104.48,10,866,264,304.85,26.4,1.15,1,0,0,0,0,0
连衣裙,130.18,41,5603,943,168.3,23,0.73,4,0,7480,0,0,1
衬衫,253.6,0,207,0,0,0,0,0,0,0,0,0,0
衬衫,91.31,48,10726,1255,117.01,26.15,0.45,1,0,0,0,0,0
衬衫,117.58,72,7033,1932,274.7,26.83,1.02,3,1,0,0,0,0
衬衫,67.91,6,1093,139,127.17,23.17,0.55,0,0,0,0,0,0
衬衫,145.73,70,10744,1733,161.3,24.76,0.65,0,0,0,0,0,0
衬衫,62.2,3,504,91,180.56,30.33,0.6,0,0,0,0,0,0
衬衫,79.8,6,889,113,127.11,18.83,0.67,0,0,0,0,0,0
衬衫,63.97,6,1181,143,121.08,23.83,0.51,0,0,0,0,0,0
衬衫,57.1,17,3523,396,112.4,23.29,0.48,0,0,0,0,0,0
连衣裙,165.38,22,2861,701,245.02,31.86,0.77,2,1,0,0,0,0
连衣裙,137.49,39,5226,1079,206.47,27.67,0.75,0,0,0,0,0,0
衬衫,327.4,4,971,88,90.63,22,0.41,0,0,0,0,0,0
衬衫,183.46,10,1804,271,150.22,27.1,0.55,0,0,0,0,0,0
连衣裙,79.65,38,3933,893,227.05,23.5,0.97,2,0,0,0,0,0
毛针织衫,172.26,29,3962,536,135.29,18.48,0.73,0,0,0,0,0,0
蕾丝衫/雪纺衫,138.93,0,115,0,0,0,0,0,0,0,0,0,0
T恤,150.08,6,883,75,84.94,12.5,0.68,0,0,0,0,0,0
衬衫,177.77,7,1873,109,58.2,15.57,0.37,0,0,0,0,0,0
半身裙,195.22,8,2868,110,38.35,13.75,0.28,0,0,0,0,0,0
T恤,149.73,9,2000,283,141.5,31.44,0.45,0,0,0,0,0,0
T恤,103.63,31,2610,735,281.61,23.71,1.19,0,0,0,0,0,0
卫衣/绒衫,128.71,3,520,75,144.23,25,0.58,0,0,0,0,0,0
T恤,35.22,34,3103,691,222.69,20.32,1.1,2,1,6430,3790,2,2
T恤,189.21,42,12319,2665,216.33,63.45,0.34,4,2,13254,11546,3,3
T恤,99.42,56,19360,3795,196.02,67.77,0.29,1,1,3920,0,0,1
裤子,318.19,0,257,0,0,0,0,0,0,0,0,0,0
裤子,223.23,3,476,51,107.14,17,0.63,0,0,0,0,0,0
唐装/民族服装/舞台服装,228.6,1,308,10,32.47,10,0.32,0,0,0,0,0,0
唐装/民族服装/舞台服装,134.52,2,638,32,50.16,16,0.31,0,0,0,0,0,0
唐装/民族服装/舞台服装,282.86,0,96,0,0,0,0,0,0,0,0,0,0
唐装/民族服装/舞台服装,349.18,0,134,0,0,0,0,0,0,0,0,0,0
唐装/民族服装/舞台服装,191.12,1,670,29,43.28,29,0.15,0,0,0,0,0,0
蕾丝衫/雪纺衫,612.71,0,28,0,0,0,0,0,0,0,0,0,0
连衣裙,462.87,0,52,0,0,0,0,0,0,0,0,0,0
大码女装,166.82,9,1437,449,312.46,49.89,0.63,1,0,0,0,0,0
短外套,244.25,3,1496,121,80.88,40.33,0.2,0,0,0,0,0,0
T恤,98.11,1,260,6,23.08,6,0.38,0,0,0,0,0,0
短外套,181.69,15,5617,809,144.03,53.93,0.27,1,0,0,0,0,0
蕾丝衫/雪纺衫,298.35,4,2192,126,57.48,31.5,0.18,0,0,0,0,0,0
蕾丝衫/雪纺衫,184.85,4,2881,208,72.2,52,0.14,0,0,0,0,0,0
牛仔裤,96.95,38,13944,4687,336.13,123.34,0.27,1,1,0,0,0,0
牛仔裤,164.36,41,9880,4292,434.41,104.68,0.41,0,0,0,0,0,0
大码女装,155.63,3,1120,316,282.14,105.33,0.27,0,0,0,0,0,0
牛仔裤,151.99,33,10686,3843,359.63,116.45,0.31,0,0,0,0,0,0
牛仔裤,59.89,41,7806,4881,625.29,119.05,0.53,2,1,18501,0,0,3
蕾丝衫/雪纺衫,317.2,0,196,0,0,0,0,0,0,0,0,0,0
T恤,154.3,0,196,0,0,0,0,0,0,0,0,0,0
蕾丝衫/雪纺衫,287.55,0,230,0,0,0,0,0,0,0,0,0,0
T恤,103.63,0,415,0,0,0,0,0,0,0,0,0,0
T恤,121.39,1,110,28,254.55,28,0.91,0,0,0,0,0,0
裤子,95.96,0,93,0,0,0,0,0,0,0,0,0,0
裤子,89.14,1,379,56,147.76,56,0.26,0,0,0,0,0,0
裤子,83.81,0,134,0,0,0,0,0,0,0,0,0,0
小背心/小吊带,49.25,34,2142,1218,568.63,35.82,1.59,0,1,0,0,0,0
小背心/小吊带,101,0,10,0,0,0,0,0,0,0,0,0,0
小背心/小吊带,42.5,0,6,0,0,0,0,0,0,0,0,0,0
蕾丝衫/雪纺衫,225.73,1,22,46,2090.91,46,4.55,0,0,0,0,0,0
小背心/小吊带,173,0,6,0,0,0,0,0,0,0,0,0,0
小背心/小吊带,163.88,0,17,0,0,0,0,0,0,0,0,0,0
短外套,190.25,0,40,0,0,0,0,0,0,0,0,0,0
短外套,22.12,0,17,0,0,0,0,0,0,0,0,0,0
小背心/小吊带,34.13,0,15,0,0,0,0,0,0,0,0,0,0
短外套,67.44,22,2105,854,405.7,38.82,1.05,1,0,0,0,0,0
短外套,57.82,0,11,0,0,0,0,0,0,0,0,0,0
小背心/小吊带,99.87,0,316,0,0,0,0,0,0,0,0,0,0
蕾丝衫/雪纺衫,278.77,0,70,0,0,0,0,0,0,0,0,0,0
短外套,71.68,0,109,0,0,0,0,0,0,0,0,0,0
短外套,97.07,0,57,0,0,0,0,0,0,0,0,0,0
短外套,54.8,1,92,22,239.13,22,1.09,0,0,0,0,0,0
小背心/小吊带,407,0,1,0,0,0,0,0,0,0,0,0,0
连衣裙,169.47,0,34,0,0,0,0,0,0,0,0,0,0
小背心/小吊带,74.38,0,69,0,0,0,0,0,0,0,0,0,0
连衣裙,95.9,0,63,0,0,0,0,0,0,0,0,0,0
小背心/小吊带,92.28,1,160,48,300,48,0.63,0,0,0,0,0,0
短外套,123.65,5,991,180,181.63,36,0.5,0,0,0,0,0,0
小背心/小吊带,158.38,0,32,0,0,0,0,0,0,0,0,0,0
小背心/小吊带,66.97,1,128,44,343.75,44,0.78,1,0,0,0,0,0
小背心/小吊带,123.6,0,52,0,0,0,0,0,0,0,0,0,0
小背心/小吊带,65.47,0,17,0,0,0,0,0,0,0,0,0,0
蕾丝衫/雪纺衫,205.91,0,22,0,0,0,0,0,0,0,0,0,0
小背心/小吊带,70.8,0,10,0,0,0,0,0,0,0,0,0,0
短外套,97.3,0,23,0,0,0,0,0,0,0,0,0,0
小背心/小吊带,8,0,1,0,0,0,0,0,0,0,0,0,0
连衣裙,95.85,0,46,0,0,0,0,0,0,0,0,0,0
小背心/小吊带,76.04,0,24,0,0,0,0,0,0,0,0,0,0
小背心/小吊带,135.4,0,5,0,0,0,0,0,0,0,0,0,0
小背心/小吊带,74.74,0,105,0,0,0,0,0,0,0,0,0,0
小背心/小吊带,131,0,13,0,0,0,0,0,0,0,0,0,0
小背心/小吊带,148.27,0,15,0,0,0,0,0,0,0,0,0,0
短外套,87.4,2,631,46,72.9,23,0.32,1,0,0,0,0,0
小背心/小吊带,141.5,0,10,0,0,0,0,0,0,0,0,0,0
短外套,49.48,8,1248,316,253.21,39.5,0.64,2,0,0,0,0,0
T恤,85.78,0,36,0,0,0,0,0,0,0,0,0,0
蕾丝衫/雪纺衫,116.43,0,28,0,0,0,0,0,0,0,0,0,0
蕾丝衫/雪纺衫,127.41,0,41,0,0,0,0,0,0,0,0,0,0
T恤,119.05,0,40,0,0,0,0,0,0,0,0,0,0
蕾丝衫/雪纺衫,163.62,0,21,0,0,0,0,0,0,0,0,0,0
T恤,164.5,0,12,0,0,0,0,0,0,0,0,0,0
T恤,138.41,1,235,53,225.53,53,0.43,0,0,0,0,0,0
连衣裙,87.98,1,322,29,90.06,29,0.31,0,0,0,0,0,0
连衣裙,142.17,0,54,0,0,0,0,0,0,0,0,0,0
半身裙,63.21,1,322,19,59.01,19,0.31,0,0,0,0,0,0
半身裙,72.97,1,196,30,153.06,30,0.51,0,0,0,0,0,0
小背心/小吊带,81.18,0,39,0,0,0,0,0,0,0,0,0,0
小背心/小吊带,48.18,0,17,0,0,0,0,0,0,0,0,0,0
小背心/小吊带,135.45,0,121,0,0,0,0,0,0,0,0,0,0
小背心/小吊带,128.9,0,30,0,0,0,0,0,0,0,0,0,0
小背心/小吊带,72.7,0,23,0,0,0,0,0,0,0,0,0,0
小背心/小吊带,93.34,9,1190,383,321.85,42.56,0.76,1,0,0,0,0,0
小背心/小吊带,101.82,0,28,0,0,0,0,0,0,0,0,0,0
小背心/小吊带,78.26,0,27,0,0,0,0,0,0,0,0,0,0
小背心/小吊带,48.51,1,185,50,270.27,50,0.54,0,0,0,0,0,0
小背心/小吊带,47.64,28,2602,1071,411.61,38.25,1.08,2,2,7500,0,0,1
小背心/小吊带,144.96,0,78,0,0,0,0,0,0,0,0,0,0
小背心/小吊带,120.25,0,28,0,0,0,0,0,0,0,0,0,0
小背心/小吊带,109.82,0,11,0,0,0,0,0,0,0,0,0,0
小背心/小吊带,143.23,0,26,0,0,0,0,0,0,0,0,0,0
小背心/小吊带,54.07,1,128,49,382.81,49,0.78,0,0,0,0,0,0
小背心/小吊带,45.45,23,2057,847,411.76,36.83,1.12,1,0,0,0,0,0
小背心/小吊带,109.19,1,100,24,240,24,1,0,0,0,0,0,0
小背心/小吊带,123.32,1,134,50,373.13,50,0.75,0,0,0,0,0,0
小背心/小吊带,110.5,0,2,0,0,0,0,0,0,0,0,0,0
小背心/小吊带,85.56,0,158,0,0,0,0,0,0,0,0,0,0
小背心/小吊带,78.4,0,5,0,0,0,0,0,0,0,0,0,0
小背心/小吊带,111.7,0,44,0,0,0,0,0,0,0,0,0,0
小背心/小吊带,67.96,1,132,30,227.27,30,0.76,0,0,0,0,0,0
小背心/小吊带,185.62,0,71,0,0,0,0,0,0,0,0,0,0
唐装/民族服装/舞台服装,203.34,4,862,216,250.58,54,0.46,0,1,0,0,0,0
唐装/民族服装/舞台服装,236.79,1,729,14,19.2,14,0.14,0,0,0,0,0,0
连衣裙,158.4,0,118,0,0,0,0,0,0,0,0,0,0
裤子,105.95,0,320,0,0,0,0,0,0,0,0,0,0
风衣,362.48,3,1040,35,33.65,11.67,0.29,0,0,0,0,0,0
T恤,203.6,0,55,0,0,0,0,0,0,0,0,0,0
毛针织衫,85.34,0,56,0,0,0,0,0,0,0,0,0,0
卫衣/绒衫,164.95,0,82,0,0,0,0,0,0,0,0,0,0
毛衣,75.86,0,196,0,0,0,0,0,0,0,0,0,0
牛仔裤,213.84,0,25,0,0,0,0,0,0,0,0,0,0
连衣裙,291.4,0,103,0,0,0,0,0,0,0,0,0,0
毛针织衫,174.65,0,271,0,0,0,0,0,0,0,0,0,0
卫衣/绒衫,230.66,0,131,0,0,0,0,0,0,0,0,0,0
牛仔裤,222.64,0,104,0,0,0,0,0,0,0,0,0,0
牛仔裤,235.37,0,38,0,0,0,0,0,0,0,0,0,0
T恤,267.75,0,68,0,0,0,0,0,0,0,0,0,0
卫衣/绒衫,144.68,2,1037,53,51.11,26.5,0.19,0,0,0,0,0,0
裤子,433.58,0,119,0,0,0,0,0,0,0,0,0,0
T恤,208.69,0,106,0,0,0,0,0,0,0,0,0,0
毛衣,250.85,4,985,60,60.91,15,0.41,0,0,0,0,0,0
毛针织衫,232.49,0,179,0,0,0,0,0,0,0,0,0,0
裤子,154.42,0,76,0,0,0,0,0,0,0,0,0,0
衬衫,202.85,0,276,0,0,0,0,0,0,0,0,0,0
牛仔裤,328.4,0,87,0,0,0,0,0,0,0,0,0,0
毛针织衫,279.69,0,59,0,0,0,0,0,0,0,0,0,0
毛衣,283.18,1,758,23,30.34,23,0.13,0,0,0,0,0,0
裤子,447.46,0,78,0,0,0,0,0,0,0,0,0,0
T恤,350.65,4,1014,98,96.65,24.5,0.39,0,0,0,0,0,0
马夹,307.49,0,390,0,0,0,0,0,0,0,0,0,0
T恤,349,0,21,0,0,0,0,0,0,0,0,0,0
连衣裙,890.12,0,82,0,0,0,0,0,0,0,0,0,0
T恤,104.95,1,243,20,82.3,20,0.41,0,0,0,0,0,0
毛针织衫,445.32,0,60,0,0,0,0,0,0,0,0,0,0
T恤,362.71,0,34,0,0,0,0,0,0,0,0,0,0
裤子,181.9,0,191,0,0,0,0,0,0,0,0,0,0
裤子,404.23,0,74,0,0,0,0,0,0,0,0,0,0
裤子,170.75,1,67,9,134.33,9,1.49,1,0,0,0,0,0
毛针织衫,166.64,0,188,0,0,0,0,0,0,0,0,0,0
连衣裙,249.64,0,156,0,0,0,0,0,0,0,0,0,0
蕾丝衫/雪纺衫,141.03,0,122,0,0,0,0,0,0,0,0,0,0
毛针织衫,616.06,1,205,9,43.9,9,0.49,0,0,0,0,0,0
T恤,126.56,0,174,0,0,0,0,0,0,0,0,0,0
半身裙,348.73,0,132,0,0,0,0,0,0,0,0,0,0
毛针织衫,793.57,0,134,0,0,0,0,0,0,0,0,0,0
T恤,295.89,0,114,0,0,0,0,0,0,0,0,0,0
T恤,58.37,0,19,0,0,0,0,0,0,0,0,0,0
T恤,197.36,0,14,0,0,0,0,0,0,0,0,0,0
裤子,140.39,0,46,0,0,0,0,0,0,0,0,0,0
短外套,153.3,0,448,0,0,0,0,0,0,0,0,0,0
毛针织衫,255,0,31,0,0,0,0,0,0,0,0,0,0
T恤,171.14,0,22,0,0,0,0,0,0,0,0,0,0
毛针织衫,62.35,0,20,0,0,0,0,0,0,0,0,0,0
毛针织衫,55.41,0,22,0,0,0,0,0,0,0,0,0,0
牛仔裤,438.74,0,35,0,0,0,0,0,0,0,0,0,0
卫衣/绒衫,237,0,12,0,0,0,0,0,0,0,0,0,0
裤子,126.14,0,22,0,0,0,0,0,0,0,0,0,0
蕾丝衫/雪纺衫,165.96,0,137,0,0,0,0,0,0,0,0,0,0
蕾丝衫/雪纺衫,138.3,0,30,0,0,0,0,0,0,0,0,0,0
毛衣,130.19,0,47,0,0,0,0,0,0,0,0,0,0
T恤,166.45,0,29,0,0,0,0,0,0,0,0,0,0
毛针织衫,103.29,0,14,0,0,0,0,0,0,0,0,0,0
T恤,108.73,0,41,0,0,0,0,0,0,0,0,0,0
裤子,255.02,0,48,0,0,0,0,0,0,0,0,0,0
毛针织衫,254.65,0,17,0,0,0,0,0,0,0,0,0,0
T恤,138.42,0,12,0,0,0,0,0,0,0,0,0,0
牛仔裤,469.94,0,17,0,0,0,0,0,0,0,0,0,0
连衣裙,196.11,0,149,0,0,0,0,0,0,0,0,0,0
衬衫,220.88,0,8,0,0,0,0,0,0,0,0,0,0
T恤,90.93,0,42,0,0,0,0,0,0,0,0,0,0
T恤,152.21,0,29,0,0,0,0,0,0,0,0,0,0
连衣裙,260.57,0,14,0,0,0,0,0,0,0,0,0,0
短外套,168.01,0,74,0,0,0,0,0,0,0,0,0,0
毛针织衫,280.94,0,155,0,0,0,0,0,0,0,0,0,0
连衣裙,444.65,0,141,0,0,0,0,0,0,0,0,0,0
牛仔裤,185.6,0,5,0,0,0,0,0,0,0,0,0,0
裤子,847.94,0,36,0,0,0,0,0,0,0,0,0,0
毛针织衫,211.33,0,6,0,0,0,0,0,0,0,0,0,0
毛针织衫,517.75,0,44,0,0,0,0,0,0,0,0,0,0
蕾丝衫/雪纺衫,124.29,0,31,0,0,0,0,0,0,0,0,0,0
蕾丝衫/雪纺衫,156.09,0,34,0,0,0,0,0,0,0,0,0,0
毛针织衫,360.62,1,63,9,142.86,9,1.59,0,0,0,0,0,0
T恤,141.08,0,24,0,0,0,0,0,0,0,0,0,0
卫衣/绒衫,181.76,1,45,10,222.22,10,2.22,0,0,0,0,0,0
毛衣,122.25,0,65,0,0,0,0,0,0,0,0,0,0
裤子,66,0,3,0,0,0,0,0,0,0,0,0,0
T恤,127.79,0,24,0,0,0,0,0,0,0,0,0,0
连衣裙,383.6,0,5,0,0,0,0,0,0,0,0,0,0
牛仔裤,89.94,0,36,0,0,0,0,0,0,0,0,0,0
牛仔裤,59.27,0,22,0,0,0,0,0,0,0,0,0,0
毛针织衫,103.82,0,11,0,0,0,0,0,0,0,0,0,0
毛衣,78.6,1,52,10,192.31,10,1.92,0,0,0,0,0,0
卫衣/绒衫,105,0,68,0,0,0,0,0,0,0,0,0,0
职业套装/学生校服/工作制服,293.1,0,10,0,0,0,0,0,0,0,0,0,0
连衣裙,158.77,0,26,0,0,0,0,0,0,0,0,0,0
T恤,168.65,1,315,11,34.92,11,0.32,0,0,0,0,0,0
短外套,151.05,0,107,0,0,0,0,0,0,0,0,0,0
T恤,172.79,0,47,0,0,0,0,0,0,0,0,0,0
T恤,212.77,0,13,0,0,0,0,0,0,0,0,0,0
裤子,10.87,0,23,0,0,0,0,0,0,0,0,0,0
毛针织衫,260.75,0,81,0,0,0,0,0,0,0,0,0,0
连衣裙,326.17,0,23,0,0,0,0,0,0,0,0,0,0
职业套装/学生校服/工作制服,106.31,0,81,0,0,0,0,0,0,0,0,0,0
T恤,140.65,0,124,0,0,0,0,0,0,0,0,0,0
T恤,142,0,34,0,0,0,0,0,0,0,0,0,0
T恤,125.02,0,59,0,0,0,0,0,0,0,0,0,0
T恤,229.41,0,37,0,0,0,0,0,0,0,0,0,0
T恤,357.23,0,22,0,0,0,0,0,0,0,0,0,0
连衣裙,668.17,0,23,0,0,0,0,0,0,0,0,0,0
衬衫,150.92,0,115,0,0,0,0,0,0,0,0,0,0
毛衣,156.99,0,67,0,0,0,0,0,0,0,0,0,0
毛针织衫,341.06,0,16,0,0,0,0,0,0,0,0,0,0
裤子,277.92,0,24,0,0,0,0,0,0,0,0,0,0
卫衣/绒衫,147.15,0,55,0,0,0,0,0,0,0,0,0,0
毛衣,279.55,0,11,0,0,0,0,0,0,0,0,0,0
毛针织衫,57.64,0,50,0,0,0,0,0,0,0,0,0,0
毛针织衫,267.71,0,7,0,0,0,0,0,0,0,0,0,0
连衣裙,232.5,0,2,0,0,0,0,0,0,0,0,0,0
连衣裙,337.18,0,11,0,0,0,0,0,0,0,0,0,0
裤子,107.95,0,21,0,0,0,0,0,0,0,0,0,0
T恤,66.09,0,11,0,0,0,0,0,0,0,0,0,0
T恤,130.53,0,19,0,0,0,0,0,0,0,0,0,0
衬衫,159.93,0,134,0,0,0,0,0,0,0,0,0,0
毛衣,104.87,0,53,0,0,0,0,0,0,0,0,0,0
裤子,64.15,0,13,0,0,0,0,0,0,0,0,0,0
裤子,301.43,0,61,0,0,0,0,0,0,0,0,0,0
连衣裙,113.48,0,157,0,0,0,0,0,0,0,0,0,0
牛仔裤,188.58,0,12,0,0,0,0,0,0,0,0,0,0
连衣裙,123.17,0,6,0,0,0,0,0,0,0,0,0,0
连衣裙,300.57,0,7,0,0,0,0,0,0,0,0,0,0
毛针织衫,200.64,0,14,0,0,0,0,0,0,0,0,0,0
连衣裙,268.1,0,21,0,0,0,0,0,0,0,0,0,0
T恤,101.97,0,30,0,0,0,0,0,0,0,0,0,0
T恤,190.56,0,9,0,0,0,0,0,0,0,0,0,0
短外套,183.4,0,86,0,0,0,0,0,0,0,0,0,0
T恤,127.18,0,34,0,0,0,0,0,0,0,0,0,0
T恤,40.05,0,20,0,0,0,0,0,0,0,0,0,0
T恤,198.47,0,36,0,0,0,0,0,0,0,0,0,0
T恤,169.28,0,90,0,0,0,0,0,0,0,0,0,0
毛针织衫,233.48,0,29,0,0,0,0,0,0,0,0,0,0
衬衫,393.67,0,3,0,0,0,0,0,0,0,0,0,0
毛衣,52.51,0,39,0,0,0,0,0,0,0,0,0,0
毛针织衫,176.67,0,6,0,0,0,0,0,0,0,0,0,0
裤子,54.67,0,9,0,0,0,0,0,0,0,0,0,0
毛衣,100.67,0,75,0,0,0,0,0,0,0,0,0,0
裤子,144.44,0,18,0,0,0,0,0,0,0,0,0,0
卫衣/绒衫,78.58,0,12,0,0,0,0,0,0,0,0,0,0
连衣裙,236.67,0,3,0,0,0,0,0,0,0,0,0,0
牛仔裤,75,0,9,0,0,0,0,0,0,0,0,0,0
毛衣,198.73,0,22,0,0,0,0,0,0,0,0,0,0
职业套装/学生校服/工作制服,281.97,0,32,0,0,0,0,0,0,0,0,0,0
牛仔裤,209.86,0,7,0,0,0,0,0,0,0,0,0,0
西装,233.59,0,128,0,0,0,0,0,0,0,0,0,0
T恤,85.59,0,27,0,0,0,0,0,0,0,0,0,0
裤子,133.43,0,14,0,0,0,0,0,0,0,0,0,0
连衣裙,204.43,0,7,0,0,0,0,0,0,0,0,0,0
T恤,308.67,0,3,0,0,0,0,0,0,0,0,0,0
裤子,171.44,0,9,0,0,0,0,0,0,0,0,0,0
毛衣,94.71,0,7,0,0,0,0,0,0,0,0,0,0
西装,236.93,0,167,0,0,0,0,0,0,0,0,0,0
西装,365.56,0,100,0,0,0,0,0,0,0,0,0,0
风衣,115.42,0,85,0,0,0,0,0,0,0,0,0,0
T恤,219.13,0,8,0,0,0,0,0,0,0,0,0,0
牛仔裤,131.57,0,21,0,0,0,0,0,0,0,0,0,0
衬衫,284.62,0,26,0,0,0,0,0,0,0,0,0,0
T恤,121.6,0,60,0,0,0,0,0,0,0,0,0,0
毛衣,159.47,0,64,0,0,0,0,0,0,0,0,0,0
连衣裙,674.8,0,45,0,0,0,0,0,0,0,0,0,0
毛针织衫,394.73,0,26,0,0,0,0,0,0,0,0,0,0
牛仔裤,209.48,0,33,0,0,0,0,0,0,0,0,0,0
T恤,264.15,0,20,0,0,0,0,0,0,0,0,0,0
T恤,262.77,0,22,0,0,0,0,0,0,0,0,0,0
毛衣,175.7,0,37,0,0,0,0,0,0,0,0,0,0
T恤,154.56,0,9,0,0,0,0,0,0,0,0,0,0
T恤,134.2,0,10,0,0,0,0,0,0,0,0,0,0
连衣裙,122.77,0,13,0,0,0,0,0,0,0,0,0,0
毛衣,435.4,0,35,0,0,0,0,0,0,0,0,0,0
小背心/小吊带,265.17,0,121,0,0,0,0,0,0,0,0,0,0
裤子,34.42,0,24,0,0,0,0,0,0,0,0,0,0
T恤,239.82,0,11,0,0,0,0,0,0,0,0,0,0
牛仔裤,93.94,0,68,0,0,0,0,0,0,0,0,0,0
裤子,285.25,0,4,0,0,0,0,0,0,0,0,0,0
毛针织衫,159.5,0,34,0,0,0,0,0,0,0,0,0,0
T恤,85.19,0,36,0,0,0,0,0,0,0,0,0,0
毛针织衫,197.25,0,85,0,0,0,0,0,0,0,0,0,0
裤子,219.64,0,44,0,0,0,0,0,0,0,0,0,0
牛仔裤,125.11,0,27,0,0,0,0,0,0,0,0,0,0
毛针织衫,161.19,0,21,0,0,0,0,0,0,0,0,0,0
毛针织衫,180.14,0,43,0,0,0,0,0,0,0,0,0,0
毛针织衫,133.92,1,26,11,423.08,11,3.85,0,0,0,0,0,0
风衣,226.14,0,29,0,0,0,0,0,0,0,0,0,0
裤子,459.37,0,30,0,0,0,0,0,0,0,0,0,0
职业套装/学生校服/工作制服,324.8,0,5,0,0,0,0,0,0,0,0,0,0
牛仔裤,89.81,0,26,0,0,0,0,0,0,0,0,0,0
T恤,33.43,0,21,0,0,0,0,0,0,0,0,0,0
T恤,109.71,0,17,0,0,0,0,0,0,0,0,0,0
T恤,82.47,0,34,0,0,0,0,0,0,0,0,0,0
连衣裙,334.2,0,5,0,0,0,0,0,0,0,0,0,0
衬衫,217.74,0,34,0,0,0,0,0,0,0,0,0,0
蕾丝衫/雪纺衫,221,0,30,0,0,0,0,0,0,0,0,0,0
卫衣/绒衫,119.36,0,236,0,0,0,0,0,0,0,0,0,0
裤子,295.22,0,199,0,0,0,0,0,0,0,0,0,0
牛仔裤,103.69,0,13,0,0,0,0,0,0,0,0,0,0
T恤,267.6,0,20,0,0,0,0,0,0,0,0,0,0
连衣裙,198.67,0,6,0,0,0,0,0,0,0,0,0,0
毛衣,102.6,0,52,0,0,0,0,0,0,0,0,0,0
西装,192.42,0,79,0,0,0,0,0,0,0,0,0,0
毛针织衫,286.13,0,15,0,0,0,0,0,0,0,0,0,0
T恤,174.17,0,23,0,0,0,0,0,0,0,0,0,0
T恤,88,0,1,0,0,0,0,0,0,0,0,0,0
毛针织衫,345.11,1,71,11,154.93,11,1.41,0,0,0,0,0,0
毛衣,181.32,0,22,0,0,0,0,0,0,0,0,0,0
毛针织衫,200.86,0,50,0,0,0,0,0,0,0,0,0,0
卫衣/绒衫,519.68,0,47,0,0,0,0,0,0,0,0,0,0
裤子,241.06,0,16,0,0,0,0,0,0,0,0,0,0
卫衣/绒衫,18.38,0,8,0,0,0,0,0,0,0,0,0,0
毛衣,177.5,0,8,0,0,0,0,0,0,0,0,0,0
毛针织衫,78.56,0,27,0,0,0,0,0,0,0,0,0,0
T恤,100.24,0,29,0,0,0,0,0,0,0,0,0,0
毛针织衫,304.86,0,7,0,0,0,0,0,0,0,0,0,0
毛针织衫,260.27,0,22,0,0,0,0,0,0,0,0,0,0
连衣裙,211.71,0,14,0,0,0,0,0,0,0,0,0,0
T恤,77.95,0,22,0,0,0,0,0,0,0,0,0,0
连衣裙,316.33,0,12,0,0,0,0,0,0,0,0,0,0
风衣,153.83,0,30,0,0,0,0,0,0,0,0,0,0
小背心/小吊带,182.71,0,116,0,0,0,0,0,0,0,0,0,0
衬衫,209.54,0,26,0,0,0,0,0,0,0,0,0,0
T恤,125.06,0,18,0,0,0,0,0,0,0,0,0,0
蕾丝衫/雪纺衫,267.01,0,212,0,0,0,0,0,0,0,0,0,0
T恤,59.74,0,27,0,0,0,0,0,0,0,0,0,0
T恤,168.07,1,45,11,244.44,11,2.22,0,0,0,0,0,0
连衣裙,252.47,0,17,0,0,0,0,0,0,0,0,0,0
连衣裙,239.6,0,5,0,0,0,0,0,0,0,0,0,0
T恤,269.7,0,10,0,0,0,0,0,0,0,0,0,0
衬衫,241.36,0,36,0,0,0,0,0,0,0,0,0,0
裤子,162.68,0,25,0,0,0,0,0,0,0,0,0,0
T恤,424,0,4,0,0,0,0,0,0,0,0,0,0
职业套装/学生校服/工作制服,248.57,0,7,0,0,0,0,0,0,0,0,0,0
T恤,258.25,0,4,0,0,0,0,0,0,0,0,0,0
连衣裙,220.86,0,35,0,0,0,0,0,0,0,0,0,0
马夹,113.53,0,170,0,0,0,0,0,0,0,0,0,0
卫衣/绒衫,51.33,0,6,0,0,0,0,0,0,0,0,0,0
毛衣,133.45,0,96,0,0,0,0,0,0,0,0,0,0
T恤,95.46,0,13,0,0,0,0,0,0,0,0,0,0
裤子,64.32,0,25,0,0,0,0,0,0,0,0,0,0
裤子,243.25,0,8,0,0,0,0,0,0,0,0,0,0
连衣裙,390.96,0,234,0,0,0,0,0,0,0,0,0,0
T恤,240.48,0,23,0,0,0,0,0,0,0,0,0,0
卫衣/绒衫,125.33,0,39,0,0,0,0,0,0,0,0,0,0
T恤,92.22,0,72,0,0,0,0,0,0,0,0,0,0
T恤,139.86,0,132,0,0,0,0,0,0,0,0,0,0
毛针织衫,304.86,0,28,0,0,0,0,0,0,0,0,0,0
T恤,296.33,0,15,0,0,0,0,0,0,0,0,0,0
牛仔裤,134.36,0,11,0,0,0,0,0,0,0,0,0,0
连衣裙,660.67,0,3,0,0,0,0,0,0,0,0,0,0
卫衣/绒衫,111.08,0,12,0,0,0,0,0,0,0,0,0,0
蕾丝衫/雪纺衫,391.21,0,114,0,0,0,0,0,0,0,0,0,0
风衣,282.61,1,115,10,86.96,10,0.87,0,0,0,0,0,0
T恤,290,0,9,0,0,0,0,0,0,0,0,0,0
T恤,68.48,0,25,0,0,0,0,0,0,0,0,0,0
毛针织衫,134.95,0,20,0,0,0,0,0,0,0,0,0,0
T恤,244.8,0,35,0,0,0,0,0,0,0,0,0,0
毛针织衫,42.76,0,25,0,0,0,0,0,0,0,0,0,0
卫衣/绒衫,173.22,0,18,0,0,0,0,0,0,0,0,0,0
牛仔裤,9,0,10,0,0,0,0,0,0,0,0,0,0
T恤,155.18,0,11,0,0,0,0,0,0,0,0,0,0
T恤,139.57,0,259,0,0,0,0,0,0,0,0,0,0
T恤,144.44,0,203,0,0,0,0,0,0,0,0,0,0
毛针织衫,124,0,1,0,0,0,0,0,0,0,0,0,0
牛仔裤,38.97,0,39,0,0,0,0,0,0,0,0,0,0
裤子,302.16,0,37,0,0,0,0,0,0,0,0,0,0
牛仔裤,62.67,0,6,0,0,0,0,0,0,0,0,0,0
T恤,189.31,0,16,0,0,0,0,0,0,0,0,0,0
T恤,519.6,0,20,0,0,0,0,0,0,0,0,0,0
连衣裙,580.08,0,25,0,0,0,0,0,0,0,0,0,0
卫衣/绒衫,253.18,1,40,3,75,3,2.5,0,0,0,0,0,0
牛仔裤,370.58,0,19,0,0,0,0,0,0,0,0,0,0
毛针织衫,122.24,0,41,0,0,0,0,0,0,0,0,0,0
连衣裙,316.93,0,14,0,0,0,0,0,0,0,0,0,0
裤子,434.75,0,24,0,0,0,0,0,0,0,0,0,0
裤子,170.05,0,22,0,0,0,0,0,0,0,0,0,0
裤子,138.85,0,27,0,0,0,0,0,0,0,0,0,0
牛仔裤,217.59,0,44,0,0,0,0,0,0,0,0,0,0
T恤,323.44,0,59,0,0,0,0,0,0,0,0,0,0
卫衣/绒衫,91.23,0,43,0,0,0,0,0,0,0,0,0,0
连衣裙,487.32,0,19,0,0,0,0,0,0,0,0,0,0
裤子,113.82,1,125,4,32,4,0.8,0,0,0,0,0,0
T恤,108.45,0,40,0,0,0,0,0,0,0,0,0,0
毛针织衫,146.03,0,31,0,0,0,0,0,0,0,0,0,0
连衣裙,814.67,0,15,0,0,0,0,0,0,0,0,0,0
连衣裙,660.25,0,20,0,0,0,0,0,0,0,0,0,0
连衣裙,398.19,0,21,0,0,0,0,0,0,0,0,0,0
T恤,84.42,0,12,0,0,0,0,0,0,0,0,0,0
职业套装/学生校服/工作制服,357.26,0,19,0,0,0,0,0,0,0,0,0,0
连衣裙,83.72,0,58,0,0,0,0,0,0,0,0,0,0
衬衫,377.23,0,22,0,0,0,0,0,0,0,0,0,0
T恤,53.04,0,27,0,0,0,0,0,0,0,0,0,0
卫衣/绒衫,144.46,0,13,0,0,0,0,0,0,0,0,0,0
毛针织衫,160.8,0,25,0,0,0,0,0,0,0,0,0,0
毛衣,114.48,0,50,0,0,0,0,0,0,0,0,0,0
蕾丝衫/雪纺衫,390.58,0,31,0,0,0,0,0,0,0,0,0,0
裤子,394.94,1,48,5,104.17,5,2.08,0,0,0,0,0,0
裤子,143.75,0,8,0,0,0,0,0,0,0,0,0,0
风衣,580.14,3,610,13,21.31,4.33,0.49,1,0,0,0,0,0
毛针织衫,562,0,10,0,0,0,0,0,0,0,0,0,0
裤子,284.23,0,65,0,0,0,0,0,0,0,0,0,0
蕾丝衫/雪纺衫,225.02,0,119,0,0,0,0,0,0,0,0,0,0
连衣裙,677.14,0,22,0,0,0,0,0,0,0,0,0,0
毛针织衫,129.74,0,27,0,0,0,0,0,0,0,0,0,0
裤子,243.41,0,41,0,0,0,0,0,0,0,0,0,0
裤子,178.89,0,19,0,0,0,0,0,0,0,0,0,0
卫衣/绒衫,151.28,1,18,9,500,9,5.56,0,0,0,0,0,0
毛衣,380.39,0,49,0,0,0,0,0,0,0,0,0,0
衬衫,183.33,0,21,0,0,0,0,0,0,0,0,0,0
裤子,256.17,1,53,4,75.47,4,1.89,0,0,0,0,0,0
裤子,167,0,36,0,0,0,0,0,0,0,0,0,0
衬衫,503.85,1,171,4,23.39,4,0.58,0,0,0,0,0,0
T恤,90.73,0,15,0,0,0,0,0,0,0,0,0,0
T恤,137.76,0,21,0,0,0,0,0,0,0,0,0,0
连衣裙,472.47,0,19,0,0,0,0,0,0,0,0,0,0
连衣裙,123.25,0,20,0,0,0,0,0,0,0,0,0,0
毛衣,310.45,0,33,0,0,0,0,0,0,0,0,0,0
毛衣,168.96,0,54,0,0,0,0,0,0,0,0,0,0
毛针织衫,337.17,0,12,0,0,0,0,0,0,0,0,0,0
连衣裙,144.9,0,10,0,0,0,0,0,0,0,0,0,0
卫衣/绒衫,261.41,0,17,0,0,0,0,0,0,0,0,0,0
T恤,645.13,0,15,0,0,0,0,0,0,0,0,0,0
毛衣,87.54,0,24,0,0,0,0,0,0,0,0,0,0
毛针织衫,121.95,0,43,0,0,0,0,0,0,0,0,0,0
短外套,360.86,0,43,0,0,0,0,0,0,0,0,0,0
裤子,72.21,0,73,0,0,0,0,0,0,0,0,0,0
毛针织衫,190.67,0,36,0,0,0,0,0,0,0,0,0,0
T恤,265.37,0,30,0,0,0,0,0,0,0,0,0,0
毛衣,242.35,0,34,0,0,0,0,0,0,0,0,0,0
毛针织衫,482.59,0,17,0,0,0,0,0,0,0,0,0,0
连衣裙,437.69,0,42,0,0,0,0,0,0,0,0,0,0
毛针织衫,399.46,0,24,0,0,0,0,0,0,0,0,0,0
职业套装/学生校服/工作制服,349.93,0,14,0,0,0,0,0,0,0,0,0,0
衬衫,346.87,2,417,13,31.18,6.5,0.48,0,0,0,0,0,0
T恤,227.71,0,72,0,0,0,0,0,0,0,0,0,0
连衣裙,97,0,10,0,0,0,0,0,0,0,0,0,0
衬衫,590.46,3,148,12,81.08,4,2.03,0,0,0,0,0,0
裤子,92.22,0,112,0,0,0,0,0,0,0,0,0,0
连衣裙,1185.67,0,3,0,0,0,0,0,0,0,0,0,0
裤子,172.91,0,44,0,0,0,0,0,0,0,0,0,0
卫衣/绒衫,256.21,0,42,0,0,0,0,0,0,0,0,0,0
牛仔裤,131.81,0,114,0,0,0,0,0,0,0,0,0,0
牛仔裤,113.5,0,32,0,0,0,0,0,0,0,0,0,0
T恤,308,0,16,0,0,0,0,0,0,0,0,0,0
毛针织衫,236.56,0,9,0,0,0,0,0,0,0,0,0,0
衬衫,256.47,0,106,0,0,0,0,0,0,0,0,0,0
毛针织衫,394.89,0,57,0,0,0,0,0,0,0,0,0,0
T恤,231.29,0,31,0,0,0,0,0,0,0,0,0,0
毛针织衫,295.59,3,778,14,17.99,4.67,0.39,0,0,0,0,0,0
短外套,284.46,0,74,0,0,0,0,0,0,0,0,0,0
毛针织衫,595.55,0,99,0,0,0,0,0,0,0,0,0,0
毛针织衫,185.5,0,16,0,0,0,0,0,0,0,0,0,0
风衣,104.38,0,261,0,0,0,0,0,0,0,0,0,0
裤子,74.67,0,12,0,0,0,0,0,0,0,0,0,0
T恤,155,0,6,0,0,0,0,0,0,0,0,0,0
职业套装/学生校服/工作制服,124.89,0,62,0,0,0,0,0,0,0,0,0,0
T恤,395,0,2,0,0,0,0,0,0,0,0,0,0
T恤,45.75,2,189,15,79.37,7.5,1.06,0,0,0,0,0,0
连衣裙,259.4,0,10,0,0,0,0,0,0,0,0,0,0
小背心/小吊带,98.51,0,112,0,0,0,0,0,0,0,0,0,0
连衣裙,105,0,1,0,0,0,0,0,0,0,0,0,0
牛仔裤,70.11,0,28,0,0,0,0,0,0,0,0,0,0
裤子,82.05,0,169,0,0,0,0,0,0,0,0,0,0
牛仔裤,156.95,0,20,0,0,0,0,0,0,0,0,0,0
T恤,218,0,8,0,0,0,0,0,0,0,0,0,0
T恤,118.18,0,33,0,0,0,0,0,0,0,0,0,0
T恤,373,0,7,0,0,0,0,0,0,0,0,0,0
T恤,90.44,0,9,0,0,0,0,0,0,0,0,0,0
毛针织衫,285.05,0,40,0,0,0,0,0,0,0,0,0,0
裤子,77.22,0,86,0,0,0,0,0,0,0,0,0,0
毛针织衫,502.25,0,4,0,0,0,0,0,0,0,0,0,0
连衣裙,77.5,0,2,0,0,0,0,0,0,0,0,0,0
毛针织衫,57.2,0,5,0,0,0,0,0,0,0,0,0,0
毛针织衫,97.75,0,4,0,0,0,0,0,0,0,0,0,0
毛针织衫,89,0,29,0,0,0,0,0,0,0,0,0,0
T恤,54.68,0,19,0,0,0,0,0,0,0,0,0,0
裤子,105,0,15,0,0,0,0,0,0,0,0,0,0
裤子,167.67,0,3,0,0,0,0,0,0,0,0,0,0
卫衣/绒衫,171.24,0,25,0,0,0,0,0,0,0,0,0,0
半身裙,105.36,0,166,0,0,0,0,0,0,0,0,0,0
牛仔裤,79,0,2,0,0,0,0,0,0,0,0,0,0
短外套,201.73,0,90,0,0,0,0,0,0,0,0,0,0
T恤,6.5,0,2,0,0,0,0,0,0,0,0,0,0
毛针织衫,218.67,0,3,0,0,0,0,0,0,0,0,0,0
毛衣,89.2,1,5,10,2000,10,20,0,0,0,0,0,0
蕾丝衫/雪纺衫,146.11,0,36,0,0,0,0,0,0,0,0,0,0
衬衫,114.67,0,6,0,0,0,0,0,0,0,0,0,0
蕾丝衫/雪纺衫,389.66,0,65,0,0,0,0,0,0,0,0,0,0
连衣裙,1224,0,7,0,0,0,0,0,0,0,0,0,0
T恤,22,0,1,0,0,0,0,0,0,0,0,0,0
T恤,12,0,1,0,0,0,0,0,0,0,0,0,0
裤子,153.26,0,19,0,0,0,0,0,0,0,0,0,0
毛衣,101.37,0,19,0,0,0,0,0,0,0,0,0,0
裤子,151.01,0,88,0,0,0,0,0,0,0,0,0,0
T恤,107.5,0,2,0,0,0,0,0,0,0,0,0,0
蕾丝衫/雪纺衫,1031.83,0,23,0,0,0,0,0,0,0,0,0,0
裤子,42.86,0,22,0,0,0,0,0,0,0,0,0,0
T恤,256,0,2,0,0,0,0,0,0,0,0,0,0
毛针织衫,198.44,0,9,0,0,0,0,0,0,0,0,0,0
毛针织衫,412,0,1,0,0,0,0,0,0,0,0,0,0
西装,182.06,1,272,7,25.74,7,0.37,0,0,0,0,0,0
毛针织衫,192.13,0,63,0,0,0,0,0,0,0,0,0,0
毛针织衫,97.5,0,30,0,0,0,0,0,0,0,0,0,0
毛衣,74.95,0,21,0,0,0,0,0,0,0,0,0,0
连衣裙,484.9,0,10,0,0,0,0,0,0,0,0,0,0
T恤,132,0,4,0,0,0,0,0,0,0,0,0,0
卫衣/绒衫,48.7,0,43,0,0,0,0,0,0,0,0,0,0
毛针织衫,50.14,0,7,0,0,0,0,0,0,0,0,0,0
裤子,221.82,0,28,0,0,0,0,0,0,0,0,0,0
毛针织衫,511,0,1,0,0,0,0,0,0,0,0,0,0
毛针织衫,197.2,0,10,0,0,0,0,0,0,0,0,0,0
毛衣,140,0,1,0,0,0,0,0,0,0,0,0,0
连衣裙,35.83,0,6,0,0,0,0,0,0,0,0,0,0
T恤,199.33,0,3,0,0,0,0,0,0,0,0,0,0
连衣裙,586.92,0,12,0,0,0,0,0,0,0,0,0,0
蕾丝衫/雪纺衫,180.72,1,114,5,43.86,5,0.88,0,0,0,0,0,0
裤子,122.75,0,131,0,0,0,0,0,0,0,0,0,0
T恤,132.54,0,37,0,0,0,0,0,0,0,0,0,0
T恤,142.33,0,21,0,0,0,0,0,0,0,0,0,0
牛仔裤,78,0,7,0,0,0,0,0,0,0,0,0,0
连衣裙,820.47,0,17,0,0,0,0,0,0,0,0,0,0
毛针织衫,86.71,0,7,0,0,0,0,0,0,0,0,0,0
T恤,271.33,0,3,0,0,0,0,0,0,0,0,0,0
连衣裙,407.22,0,9,0,0,0,0,0,0,0,0,0,0
T恤,116.09,0,44,0,0,0,0,0,0,0,0,0,0
马夹,108.79,0,218,0,0,0,0,0,0,0,0,0,0
裤子,185.8,0,10,0,0,0,0,0,0,0,0,0,0
风衣,106.76,0,58,0,0,0,0,0,0,0,0,0,0
卫衣/绒衫,105.19,0,27,0,0,0,0,0,0,0,0,0,0
连衣裙,325,0,6,0,0,0,0,0,0,0,0,0,0
毛针织衫,135.46,0,13,0,0,0,0,0,0,0,0,0,0
蕾丝衫/雪纺衫,241.06,0,47,0,0,0,0,0,0,0,0,0,0
蕾丝衫/雪纺衫,162.38,0,45,0,0,0,0,0,0,0,0,0,0
衬衫,136.7,0,77,0,0,0,0,0,0,0,0,0,0
毛衣,154.34,0,58,0,0,0,0,0,0,0,0,0,0
牛仔裤,245.95,0,55,0,0,0,0,0,0,0,0,0,0
T恤,123.46,0,26,0,0,0,0,0,0,0,0,0,0
卫衣/绒衫,112.8,0,45,0,0,0,0,0,0,0,0,0,0
连衣裙,441.67,0,3,0,0,0,0,0,0,0,0,0,0
卫衣/绒衫,64.48,0,31,0,0,0,0,0,0,0,0,0,0
连衣裙,331.87,0,15,0,0,0,0,0,0,0,0,0,0
毛针织衫,139.56,0,16,0,0,0,0,0,0,0,0,0,0
T恤,77.9,0,10,0,0,0,0,0,0,0,0,0,0
牛仔裤,120.09,0,11,0,0,0,0,0,0,0,0,0,0
裤子,121.36,0,36,0,0,0,0,0,0,0,0,0,0
毛衣,330.5,0,2,0,0,0,0,0,0,0,0,0,0
牛仔裤,210.06,0,32,0,0,0,0,0,0,0,0,0,0
毛衣,29.62,0,13,0,0,0,0,0,0,0,0,0,0
毛衣,21.6,0,15,0,0,0,0,0,0,0,0,0,0
连衣裙,1167,0,1,0,0,0,0,0,0,0,0,0,0
毛针织衫,184.65,0,23,0,0,0,0,0,0,0,0,0,0
毛衣,513.86,0,7,0,0,0,0,0,0,0,0,0,0
衬衫,185.55,0,141,0,0,0,0,0,0,0,0,0,0
毛衣,136.4,0,25,0,0,0,0,0,0,0,0,0,0
连衣裙,270.13,0,23,0,0,0,0,0,0,0,0,0,0
牛仔裤,107.82,0,241,0,0,0,0,0,0,0,0,0,0
毛针织衫,32.2,0,5,0,0,0,0,0,0,0,0,0,0
裤子,77.76,0,49,0,0,0,0,0,0,0,0,0,0
裤子,167.65,0,17,0,0,0,0,0,0,0,0,0,0
衬衫,288.1,0,111,0,0,0,0,0,0,0,0,0,0
毛针织衫,306.4,0,15,0,0,0,0,0,0,0,0,0,0
T恤,147.95,0,19,0,0,0,0,0,0,0,0,0,0
T恤,254,0,2,0,0,0,0,0,0,0,0,0,0
T恤,112.3,0,10,0,0,0,0,0,0,0,0,0,0
卫衣/绒衫,250.08,0,38,0,0,0,0,0,0,0,0,0,0
连衣裙,52,0,5,0,0,0,0,0,0,0,0,0,0
连衣裙,524.25,0,4,0,0,0,0,0,0,0,0,0,0
职业套装/学生校服/工作制服,249.95,0,197,0,0,0,0,0,0,0,0,0,0
裤子,75.03,2,275,22,80,11,0.73,0,0,0,0,0,0
毛针织衫,200.08,0,13,0,0,0,0,0,0,0,0,0,0
T恤,104.63,0,8,0,0,0,0,0,0,0,0,0,0
牛仔裤,118.72,0,39,0,0,0,0,0,0,0,0,0,0
T恤,498.06,2,48,7,145.83,3.5,4.17,0,0,0,0,0,0
毛针织衫,87.69,0,243,0,0,0,0,0,0,0,0,0,0
裤子,152.18,0,11,0,0,0,0,0,0,0,0,0,0
连衣裙,719.33,0,12,0,0,0,0,0,0,0,0,0,0
毛针织衫,231.64,0,11,0,0,0,0,0,0,0,0,0,0
T恤,128.6,0,5,0,0,0,0,0,0,0,0,0,0
牛仔裤,858.17,0,6,0,0,0,0,0,0,0,0,0,0
毛针织衫,266.36,0,11,0,0,0,0,0,0,0,0,0,0
毛衣,123.52,0,23,0,0,0,0,0,0,0,0,0,0
毛衣,96.31,0,13,0,0,0,0,0,0,0,0,0,0
连衣裙,263.33,0,3,0,0,0,0,0,0,0,0,0,0
毛衣,192.86,0,78,0,0,0,0,0,0,0,0,0,0
裤子,44.2,0,5,0,0,0,0,0,0,0,0,0,0
卫衣/绒衫,92.7,0,10,0,0,0,0,0,0,0,0,0,0
毛衣,123.65,0,37,0,0,0,0,0,0,0,0,0,0
毛针织衫,304,0,1,0,0,0,0,0,0,0,0,0,0
T恤,45.84,1,45,1,22.22,1,2.22,0,0,0,0,0,0
衬衫,219.69,0,58,0,0,0,0,0,0,0,0,0,0
连衣裙,142.21,0,14,0,0,0,0,0,0,0,0,0,0
牛仔裤,773,0,1,0,0,0,0,0,0,0,0,0,0
T恤,40.14,0,7,0,0,0,0,0,0,0,0,0,0
卫衣/绒衫,25.3,0,23,0,0,0,0,0,0,0,0,0,0
连衣裙,385,0,2,0,0,0,0,0,0,0,0,0,0
裤子,327.67,0,15,0,0,0,0,0,0,0,0,0,0
毛衣,93.9,0,29,0,0,0,0,0,0,0,0,0,0
裤子,172.6,0,15,0,0,0,0,0,0,0,0,0,0
连衣裙,285.14,0,7,0,0,0,0,0,0,0,0,0,0
T恤,118.67,0,6,0,0,0,0,0,0,0,0,0,0
毛针织衫,56.19,0,26,0,0,0,0,0,0,0,0,0,0
T恤,136,0,1,0,0,0,0,0,0,0,0,0,0
裤子,116.4,0,77,0,0,0,0,0,0,0,0,0,0
毛针织衫,115.83,0,6,0,0,0,0,0,0,0,0,0,0
牛仔裤,188.5,0,4,0,0,0,0,0,0,0,0,0,0
衬衫,151,0,8,0,0,0,0,0,0,0,0,0,0
裤子,394.33,0,3,0,0,0,0,0,0,0,0,0,0
职业套装/学生校服/工作制服,194.58,0,19,0,0,0,0,0,0,0,0,0,0
毛衣,593.4,0,5,0,0,0,0,0,0,0,0,0,0
毛衣,327.33,0,9,0,0,0,0,0,0,0,0,0,0
裤子,304.33,0,3,0,0,0,0,0,0,0,0,0,0
风衣,222.52,1,211,10,47.39,10,0.47,0,0,0,0,0,0
毛针织衫,702.84,0,25,0,0,0,0,0,0,0,0,0,0
衬衫,227.52,0,50,0,0,0,0,0,0,0,0,0,0
职业套装/学生校服/工作制服,291.5,0,22,0,0,0,0,0,0,0,0,0,0
裤子,229.88,0,17,0,0,0,0,0,0,0,0,0,0
牛仔裤,47.4,0,5,0,0,0,0,0,0,0,0,0,0
T恤,108.5,0,2,0,0,0,0,0,0,0,0,0,0
毛衣,125.48,0,21,0,0,0,0,0,0,0,0,0,0
毛衣,134,0,4,0,0,0,0,0,0,0,0,0,0
牛仔裤,730.25,0,4,0,0,0,0,0,0,0,0,0,0
连衣裙,333.8,0,5,0,0,0,0,0,0,0,0,0,0
毛针织衫,376.83,0,18,0,0,0,0,0,0,0,0,0,0
马夹,333.21,2,708,19,26.84,9.5,0.28,0,0,0,0,0,0
裤子,109.33,0,99,0,0,0,0,0,0,0,0,0,0
T恤,11,0,1,0,0,0,0,0,0,0,0,0,0
西装,275.19,0,130,0,0,0,0,0,0,0,0,0,0
裤子,161,0,1,0,0,0,0,0,0,0,0,0,0
裤子,153.65,0,23,0,0,0,0,0,0,0,0,0,0
毛针织衫,178,0,1,0,0,0,0,0,0,0,0,0,0
T恤,309.57,0,7,0,0,0,0,0,0,0,0,0,0
毛针织衫,304,0,3,0,0,0,0,0,0,0,0,0,0
西装,147.86,0,28,0,0,0,0,0,0,0,0,0,0
牛仔裤,14,0,1,0,0,0,0,0,0,0,0,0,0
衬衫,35,0,1,0,0,0,0,0,0,0,0,0,0
风衣,288.64,0,42,0,0,0,0,0,0,0,0,0,0
T恤,531.04,0,26,0,0,0,0,0,0,0,0,0,0
T恤,366,0,3,0,0,0,0,0,0,0,0,0,0
连衣裙,281.57,0,7,0,0,0,0,0,0,0,0,0,0
衬衫,159.39,0,33,0,0,0,0,0,0,0,0,0,0
裤子,132.32,0,128,0,0,0,0,0,0,0,0,0,0
T恤,460.59,0,22,0,0,0,0,0,0,0,0,0,0
连衣裙,1471.86,0,7,0,0,0,0,0,0,0,0,0,0
毛针织衫,550.8,0,5,0,0,0,0,0,0,0,0,0,0
卫衣/绒衫,147.44,0,54,0,0,0,0,0,0,0,0,0,0
卫衣/绒衫,69.81,0,75,0,0,0,0,0,0,0,0,0,0
T恤,345.38,0,21,0,0,0,0,0,0,0,0,0,0
卫衣/绒衫,146.69,1,111,10,90.09,10,0.9,1,0,0,0,0,0
衬衫,530.8,0,5,0,0,0,0,0,0,0,0,0,0
短外套,533.38,2,403,15,37.22,7.5,0.5,0,0,0,0,0,0
连衣裙,113,0,2,0,0,0,0,0,0,0,0,0,0
短外套,102.33,0,129,0,0,0,0,0,0,0,0,0,0
裤子,99.3,0,23,0,0,0,0,0,0,0,0,0,0
毛针织衫,294.5,0,2,0,0,0,0,0,0,0,0,0,0
短外套,363.67,0,86,0,0,0,0,0,0,0,0,0,0
卫衣/绒衫,236.58,1,102,5,49.02,5,0.98,0,0,0,0,0,0
毛衣,97.18,0,11,0,0,0,0,0,0,0,0,0,0
T恤,919.5,0,10,0,0,0,0,0,0,0,0,0,0
毛针织衫,469,0,6,0,0,0,0,0,0,0,0,0,0
卫衣/绒衫,170.43,0,7,0,0,0,0,0,0,0,0,0,0
T恤,19,0,1,0,0,0,0,0,0,0,0,0,0
牛仔裤,41.42,0,12,0,0,0,0,0,0,0,0,0,0
裤子,216.5,0,12,0,0,0,0,0,0,0,0,0,0
衬衫,339,0,3,0,0,0,0,0,0,0,0,0,0
牛仔裤,203.25,0,8,0,0,0,0,0,0,0,0,0,0
连衣裙,694.92,0,37,0,0,0,0,0,0,0,0,0,0
毛针织衫,269.33,0,15,0,0,0,0,0,0,0,0,0,0
T恤,168.5,0,16,0,0,0,0,0,0,0,0,0,0
短外套,245.6,1,96,5,52.08,5,1.04,0,0,0,0,0,0
裤子,177.36,1,22,10,454.55,10,4.55,0,0,0,0,0,0
牛仔裤,129.4,0,15,0,0,0,0,0,0,0,0,0,0
毛针织衫,157.6,0,5,0,0,0,0,0,0,0,0,0,0
T恤,334,0,10,0,0,0,0,0,0,0,0,0,0
卫衣/绒衫,327.31,0,48,0,0,0,0,0,0,0,0,0,0
毛衣,341.03,0,77,0,0,0,0,0,0,0,0,0,0
T恤,10,0,1,0,0,0,0,0,0,0,0,0,0
连衣裙,694,0,5,0,0,0,0,0,0,0,0,0,0
裤子,166.42,0,26,0,0,0,0,0,0,0,0,0,0
连衣裙,142.17,0,6,0,0,0,0,0,0,0,0,0,0
毛针织衫,69.67,0,3,0,0,0,0,0,0,0,0,0,0
蕾丝衫/雪纺衫,165,0,25,0,0,0,0,0,0,0,0,0,0
T恤,11,0,1,0,0,0,0,0,0,0,0,0,0
卫衣/绒衫,250.04,0,50,0,0,0,0,0,0,0,0,0,0
T恤,172.5,0,2,0,0,0,0,0,0,0,0,0,0
毛衣,88.2,0,10,0,0,0,0,0,0,0,0,0,0
毛针织衫,133.2,0,5,0,0,0,0,0,0,0,0,0,0
牛仔裤,802.83,0,6,0,0,0,0,0,0,0,0,0,0
T恤,380,1,2,9,4500,9,50,0,0,0,0,0,0
T恤,1435,0,5,0,0,0,0,0,0,0,0,0,0
西装,99.91,0,85,0,0,0,0,0,0,0,0,0,0
衬衫,370.64,0,14,0,0,0,0,0,0,0,0,0,0
T恤,713.64,0,11,0,0,0,0,0,0,0,0,0,0
连衣裙,2001,0,3,0,0,0,0,0,0,0,0,0,0
短外套,481.59,0,717,0,0,0,0,0,0,0,0,0,0
T恤,49.54,0,37,0,0,0,0,0,0,0,0,0,0
毛针织衫,4,0,1,0,0,0,0,0,0,0,0,0,0
风衣,64.68,3,184,30,163.04,10,1.63,0,0,0,0,0,0
卫衣/绒衫,47.18,0,11,0,0,0,0,0,0,0,0,0,0
卫衣/绒衫,74.33,0,12,0,0,0,0,0,0,0,0,0,0
小背心/小吊带,223.75,0,116,0,0,0,0,0,0,0,0,0,0
毛针织衫,189.29,0,7,0,0,0,0,0,0,0,0,0,0
毛衣,83.08,0,24,0,0,0,0,0,0,0,0,0,0
裤子,225.7,0,10,0,0,0,0,0,0,0,0,0,0
连衣裙,468.5,0,10,0,0,0,0,0,0,0,0,0,0
蕾丝衫/雪纺衫,238.64,0,28,0,0,0,0,0,0,0,0,0,0
连衣裙,8,0,1,0,0,0,0,0,0,0,0,0,0
T恤,47,0,1,0,0,0,0,0,0,0,0,0,0
毛针织衫,120.76,0,41,0,0,0,0,0,0,0,0,0,0
牛仔裤,84.5,0,4,0,0,0,0,0,0,0,0,0,0
蕾丝衫/雪纺衫,275.2,0,61,0,0,0,0,0,0,0,0,0,0
卫衣/绒衫,87.61,0,31,0,0,0,0,0,0,0,0,0,0
毛衣,67.6,0,5,0,0,0,0,0,0,0,0,0,0
裤子,164,0,7,0,0,0,0,0,0,0,0,0,0
毛衣,96.92,1,37,9,243.24,9,2.7,0,0,0,0,0,0
毛针织衫,348.71,0,7,0,0,0,0,0,0,0,0,0,0
T恤,51.17,0,29,0,0,0,0,0,0,0,0,0,0
T恤,223,0,1,0,0,0,0,0,0,0,0,0,0
连衣裙,207.78,0,9,0,0,0,0,0,0,0,0,0,0
毛针织衫,149.5,0,2,0,0,0,0,0,0,0,0,0,0
T恤,116.38,0,16,0,0,0,0,0,0,0,0,0,0
牛仔裤,36,0,1,0,0,0,0,0,0,0,0,0,0
T恤,53,0,3,0,0,0,0,0,0,0,0,0,0
裤子,79.51,0,1524,0,0,0,0,0,0,0,0,0,0
毛针织衫,25,0,1,0,0,0,0,0,0,0,0,0,0
职业套装/学生校服/工作制服,110.39,0,46,0,0,0,0,0,0,0,0,0,0
毛针织衫,92.67,0,15,0,0,0,0,0,0,0,0,0,0
T恤,79.2,0,5,0,0,0,0,0,0,0,0,0,0
风衣,132.7,0,233,0,0,0,0,0,0,0,0,0,0
裤子,72.79,0,119,0,0,0,0,0,0,0,0,0,0
毛针织衫,167.92,0,26,0,0,0,0,0,0,0,0,0,0
蕾丝衫/雪纺衫,136.14,0,58,0,0,0,0,0,0,0,0,0,0
牛仔裤,122.8,0,5,0,0,0,0,0,0,0,0,0,0
裤子,158.89,1,54,9,166.67,9,1.85,0,0,0,0,0,0
裤子,269.46,0,13,0,0,0,0,0,0,0,0,0,0
T恤,32,0,1,0,0,0,0,0,0,0,0,0,0
T恤,105.5,0,4,0,0,0,0,0,0,0,0,0,0
T恤,85,0,1,0,0,0,0,0,0,0,0,0,0
连衣裙,1109.83,0,6,0,0,0,0,0,0,0,0,0,0
裤子,275.17,0,6,0,0,0,0,0,0,0,0,0,0
裤子,136.95,0,22,0,0,0,0,0,0,0,0,0,0
连衣裙,1964.83,0,227,0,0,0,0,0,0,0,0,0,0
连衣裙,552.2,0,5,0,0,0,0,0,0,0,0,0,0
牛仔裤,1489.11,0,64,0,0,0,0,0,0,0,0,0,0
毛针织衫,21,0,2,0,0,0,0,0,0,0,0,0,0
T恤,58,0,1,0,0,0,0,0,0,0,0,0,0
衬衫,1195.11,0,66,0,0,0,0,0,0,0,0,0,0
毛针织衫,742.44,0,52,0,0,0,0,0,0,0,0,0,0
毛针织衫,244.63,0,30,0,0,0,0,0,0,0,0,0,0
T恤,380.3,0,10,0,0,0,0,0,0,0,0,0,0
T恤,137.84,0,19,0,0,0,0,0,0,0,0,0,0
卫衣/绒衫,433.99,0,100,0,0,0,0,0,0,0,0,0,0
裤子,148.1,0,156,0,0,0,0,0,0,0,0,0,0
毛针织衫,171.29,0,7,0,0,0,0,0,0,0,0,0,0
毛针织衫,181.45,0,22,0,0,0,0,0,0,0,0,0,0
牛仔裤,1452.87,0,68,0,0,0,0,0,0,0,0,0,0
连衣裙,1508.88,0,17,0,0,0,0,0,0,0,0,0,0
裤子,567.42,0,176,0,0,0,0,0,0,0,0,0,0
T恤,1611.8,0,25,0,0,0,0,0,0,0,0,0,0
裤子,204.36,0,80,0,0,0,0,0,0,0,0,0,0
T恤,742.72,0,53,0,0,0,0,0,0,0,0,0,0
T恤,83.54,1,760,10,13.16,10,0.13,0,0,0,0,0,0
连衣裙,582.75,0,12,0,0,0,0,0,0,0,0,0,0
卫衣/绒衫,701.51,0,288,0,0,0,0,0,0,0,0,0,0
卫衣/绒衫,248.5,0,26,0,0,0,0,0,0,0,0,0,0
衬衫,556.25,1,71,4,56.34,4,1.41,0,0,0,0,0,0
裤子,530.25,0,24,0,0,0,0,0,0,0,0,0,0
裤子,682.88,0,169,0,0,0,0,0,0,0,0,0,0
连衣裙,1979.9,0,10,0,0,0,0,0,0,0,0,0,0
T恤,801.36,0,103,0,0,0,0,0,0,0,0,0,0
毛针织衫,639,0,56,0,0,0,0,0,0,0,0,0,0
T恤,188.1,0,10,0,0,0,0,0,0,0,0,0,0
衬衫,273.51,0,71,0,0,0,0,0,0,0,0,0,0
连衣裙,1898.19,0,272,0,0,0,0,0,0,0,0,0,0
T恤,1470.67,0,30,0,0,0,0,0,0,0,0,0,0
职业套装/学生校服/工作制服,384.03,0,157,0,0,0,0,0,0,0,0,0,0
T恤,150,0,5,0,0,0,0,0,0,0,0,0,0
连衣裙,594,0,6,0,0,0,0,0,0,0,0,0,0
职业套装/学生校服/工作制服,643.5,0,86,0,0,0,0,0,0,0,0,0,0
毛针织衫,895,0,2,0,0,0,0,0,0,0,0,0,0
连衣裙,1180.17,0,18,0,0,0,0,0,0,0,0,0,0
T恤,786.34,0,32,0,0,0,0,0,0,0,0,0,0
毛针织衫,599.98,0,45,0,0,0,0,0,0,0,0,0,0
毛衣,440.03,0,37,0,0,0,0,0,0,0,0,0,0
连衣裙,1251.77,0,48,0,0,0,0,0,0,0,0,0,0
T恤,614.61,0,33,0,0,0,0,0,0,0,0,0,0
毛针织衫,740.97,0,202,0,0,0,0,0,0,0,0,0,0
牛仔裤,160.79,0,118,0,0,0,0,0,0,0,0,0,0
牛仔裤,64.88,2,266,35,131.58,17.5,0.75,0,0,0,0,0,0
牛仔裤,177.86,1,64,32,500,32,1.56,0,0,0,0,0,0
牛仔裤,91.53,1,114,37,324.56,37,0.88,0,0,0,10450,1,0
牛仔裤,97.31,0,48,0,0,0,0,0,0,0,0,0,0
牛仔裤,83.72,3,158,90,569.62,30,1.9,0,0,0,0,0,0
牛仔裤,165.67,0,6,0,0,0,0,0,0,0,0,0,0
牛仔裤,211.56,0,59,0,0,0,0,0,0,0,0,0,0
牛仔裤,130.77,5,215,171,795.35,34.2,2.33,4,0,0,0,0,0
牛仔裤,114,0,31,0,0,0,0,0,0,0,0,0,0
牛仔裤,142.3,0,60,0,0,0,0,0,0,0,0,0,0
牛仔裤,161.87,0,85,0,0,0,0,0,0,0,0,0,0
牛仔裤,173.53,2,795,195,245.28,97.5,0.25,0,0,0,0,0,0
牛仔裤,96.75,0,4,0,0,0,0,0,0,0,0,0,0
牛仔裤,88.67,1,87,28,321.84,28,1.15,0,0,0,0,0,0
牛仔裤,130.86,0,21,0,0,0,0,0,0,0,0,0,0
牛仔裤,224.38,0,13,0,0,0,0,0,0,0,0,0,0
牛仔裤,77.46,2,120,166,1383.33,83,1.67,0,0,0,0,0,0
牛仔裤,246.18,0,44,0,0,0,0,0,0,0,0,0,0
牛仔裤,92.88,0,139,0,0,0,0,0,0,0,0,0,0
牛仔裤,148.64,0,11,0,0,0,0,0,0,0,0,0,0
牛仔裤,18.14,1,7,37,5285.71,37,14.29,0,0,0,0,0,0
牛仔裤,218.78,0,9,0,0,0,0,0,0,0,0,0,0
牛仔裤,119.96,0,123,0,0,0,0,0,0,0,0,0,0
牛仔裤,75.2,1,137,40,291.97,40,0.73,0,0,0,0,0,0
牛仔裤,113.69,0,16,0,0,0,0,0,0,0,0,0,0
牛仔裤,128.43,0,7,0,0,0,0,0,0,0,0,0,0
牛仔裤,147.5,0,18,0,0,0,0,0,0,0,0,0,0
牛仔裤,103.58,7,856,243,283.88,34.71,0.82,0,0,0,21350,2,0
牛仔裤,78.65,1,100,19,190,19,1,0,0,0,0,0,0
牛仔裤,304.4,0,20,0,0,0,0,0,0,0,0,0,0
牛仔裤,158.9,0,30,0,0,0,0,0,0,0,0,0,0
牛仔裤,84.03,0,125,0,0,0,0,0,0,0,0,0,0
牛仔裤,83.91,2,586,35,59.73,17.5,0.34,0,0,0,0,0,0
牛仔裤,55.86,0,37,0,0,0,0,0,0,0,0,0,0
牛仔裤,42,0,3,0,0,0,0,0,0,0,0,0,0
牛仔裤,186.9,0,78,0,0,0,0,0,0,0,0,0,0
牛仔裤,102.3,0,30,0,0,0,0,0,0,0,0,0,0
牛仔裤,209.09,1,34,13,382.35,13,2.94,0,0,0,0,0,0
牛仔裤,231.62,0,13,0,0,0,0,0,0,0,0,0,0
牛仔裤,56.41,9,1167,394,337.62,43.78,0.77,0,0,9500,0,0,1
牛仔裤,402.5,0,16,0,0,0,0,0,0,0,0,0,0
牛仔裤,139.6,0,20,0,0,0,0,0,0,0,0,0,0
牛仔裤,104,0,5,0,0,0,0,0,0,0,0,0,0
牛仔裤,119.56,0,61,0,0,0,0,0,0,0,0,0,0
牛仔裤,116.77,1,101,20,198.02,20,0.99,0,0,0,0,0,0
牛仔裤,155.26,2,141,62,439.72,31,1.42,0,0,0,0,0,0
牛仔裤,9.46,586,73057,42074,575.91,71.8,0.8,61,16,0,29800,3,0
牛仔裤,224.02,0,126,0,0,0,0,0,0,0,0,0,0
牛仔裤,158.41,0,66,0,0,0,0,0,0,0,0,0,0
牛仔裤,79.49,5,922,311,337.31,62.2,0.54,1,0,0,0,0,0
牛仔裤,58.25,9,1692,519,306.74,57.67,0.53,0,0,0,0,0,0
牛仔裤,98.25,6,608,284,467.11,47.33,0.99,0,0,10207,9843,1,1
牛仔裤,86.12,0,187,0,0,0,0,0,0,0,0,0,0
牛仔裤,45.23,36,5096,2473,485.28,68.69,0.71,2,1,0,0,0,0
牛仔裤,68.72,12,2029,779,383.93,64.92,0.59,2,0,0,0,0,0
牛仔裤,128.34,1,408,50,122.55,50,0.25,0,0,0,0,0,0
牛仔裤,35.09,13,2952,585,198.17,45,0.44,1,0,0,0,0,0
牛仔裤,131.75,1,673,70,104.01,70,0.15,0,0,0,0,0,0
牛仔裤,119.01,0,450,0,0,0,0,0,0,0,0,0,0
牛仔裤,62.58,7,1174,360,306.64,51.43,0.6,0,0,0,0,0,0
牛仔裤,200.24,4,1176,226,192.18,56.5,0.34,0,0,0,0,0,0
牛仔裤,233.83,3,2584,170,65.79,56.67,0.12,1,0,0,0,0,0
牛仔裤,126.52,0,54,0,0,0,0,0,0,0,0,0,0
牛仔裤,128.69,3,506,188,371.54,62.67,0.59,0,0,0,0,0,0
牛仔裤,64.38,0,91,0,0,0,0,0,0,0,0,0,0
牛仔裤,106.93,1,572,33,57.69,33,0.17,0,0,0,0,0,0
牛仔裤,76.98,1,509,59,115.91,59,0.2,0,0,0,0,0,0
牛仔裤,73.07,5,570,192,336.84,38.4,0.88,0,0,0,0,0,0
蕾丝衫/雪纺衫,263.36,0,184,0,0,0,0,0,0,0,0,0,0
短外套,117.61,3,3622,188,51.91,62.67,0.08,0,0,0,0,0,0
毛针织衫,261.83,0,295,0,0,0,0,0,0,0,0,0,0
小背心/小吊带,173.33,2,471,31,65.82,15.5,0.42,0,0,0,0,0,0
连衣裙,173.02,5,890,103,115.73,20.6,0.56,0,0,0,0,0,0
连衣裙,234.72,1,334,40,119.76,40,0.3,0,0,0,0,0,0
小背心/小吊带,169.92,0,286,0,0,0,0,0,0,0,0,0,0
小背心/小吊带,149.43,1,493,16,32.45,16,0.2,0,0,0,0,0,0
连衣裙,234.43,0,111,0,0,0,0,0,0,0,0,0,0
T恤,384.66,0,64,0,0,0,0,0,0,0,0,0,0
半身裙,131.88,0,524,0,0,0,0,0,0,0,0,0,0
小背心/小吊带,168.53,8,2075,344,165.78,43,0.39,2,0,0,0,0,0
小背心/小吊带,61.43,56,8204,3257,397,58.16,0.68,3,0,11700,0,0,9
蕾丝衫/雪纺衫,371.64,0,81,0,0,0,0,0,0,0,0,0,0
衬衫,168.54,1,181,13,71.82,13,0.55,0,0,0,0,0,0
蕾丝衫/雪纺衫,274.31,0,232,0,0,0,0,0,0,0,0,0,0
牛仔裤,235.73,0,44,0,0,0,0,0,0,0,0,0,0
蕾丝衫/雪纺衫,322.52,0,120,0,0,0,0,0,0,0,0,0,0
衬衫,89.77,1,1818,40,22,40,0.06,0,0,0,0,0,0
牛仔裤,322.13,0,52,0,0,0,0,0,0,0,0,0,0
连衣裙,283.7,6,3724,228,61.22,38,0.16,0,0,0,0,0,0
半身裙,150.56,5,1397,143,102.36,28.6,0.36,0,0,0,0,0,0
毛针织衫,216.32,3,504,114,226.19,38,0.6,0,0,0,0,0,0
短外套,148.88,1,811,20,24.66,20,0.12,0,0,0,0,0,0
牛仔裤,122.32,0,120,0,0,0,0,0,0,0,0,0,0
牛仔裤,246.49,0,47,0,0,0,0,0,0,0,0,0,0
牛仔裤,176.24,0,104,0,0,0,0,0,0,0,0,0,0
牛仔裤,168.35,0,65,0,0,0,0,0,0,0,0,0,0
牛仔裤,313.82,0,17,0,0,0,0,0,0,0,0,0,0
牛仔裤,252.28,0,25,0,0,0,0,0,0,0,0,0,0
牛仔裤,166.53,1,80,38,475,38,1.25,0,0,0,0,0,0
牛仔裤,504.65,0,23,0,0,0,0,0,0,0,0,0,0
牛仔裤,142.75,0,112,0,0,0,0,0,0,0,0,0,0
牛仔裤,154.93,0,14,0,0,0,0,0,0,0,0,0,0
牛仔裤,226.81,0,42,0,0,0,0,0,0,0,0,0,0
牛仔裤,303.95,0,94,0,0,0,0,0,0,0,0,0,0
牛仔裤,240.63,0,82,0,0,0,0,0,0,0,0,0,0
牛仔裤,261.72,0,85,0,0,0,0,0,0,0,0,0,0
连衣裙,276.1,0,259,0,0,0,0,0,0,0,0,0,0
连衣裙,315.09,1,372,48,129.03,48,0.27,0,0,0,0,0,0
牛仔裤,474.08,0,50,0,0,0,0,0,0,0,0,0,0
蕾丝衫/雪纺衫,273.41,0,409,0,0,0,0,0,0,0,0,0,0
裤子,316.12,0,139,0,0,0,0,0,0,0,0,0,0
衬衫,200.16,0,496,0,0,0,0,0,0,0,0,0,0
毛衣,50.69,160,26268,10767,409.89,67.29,0.61,4,1,19500,35520,2,1
小背心/小吊带,133.25,3,697,113,162.12,37.67,0.43,0,0,0,0,0,0
小背心/小吊带,290.19,1,426,30,70.42,30,0.23,0,0,0,0,0,0
小背心/小吊带,195.24,8,1065,162,152.11,20.25,0.75,0,0,0,0,0,0
小背心/小吊带,167.62,1,267,33,123.6,33,0.37,0,0,0,0,0,0
小背心/小吊带,192.95,6,1351,158,116.95,26.33,0.44,0,0,0,0,0,0
毛针织衫,133.85,44,28997,4563,157.36,103.7,0.15,1,0,10400,0,0,1
短外套,76.93,34,9578,3783,394.97,111.26,0.35,0,0,0,0,0,0
裤子,101.22,0,231,0,0,0,0,0,0,0,0,0,0
裤子,92.5,0,313,0,0,0,0,0,0,0,0,0,0
裤子,74.57,0,122,0,0,0,0,0,0,0,0,0,0
牛仔裤,142.97,0,344,0,0,0,0,0,0,0,0,0,0
婚纱/旗袍/礼服,24.29,48,4591,8967,1953.17,186.81,1.05,4,1,0,0,0,0
婚纱/旗袍/礼服,24.57,7,2135,1030,482.44,147.14,0.33,0,0,0,0,0,0
毛针织衫,389.32,0,59,0,0,0,0,0,0,0,0,0,0
毛针织衫,420.36,0,45,0,0,0,0,0,0,0,0,0,0
中老年女装,234.59,0,111,0,0,0,0,0,0,0,0,0,0
毛针织衫,394.84,0,55,0,0,0,0,0,0,0,0,0,0
中老年女装,200,0,268,0,0,0,0,0,0,0,0,0,0
中老年女装,153.14,1,162,16,98.77,16,0.62,0,0,0,0,0,0
毛针织衫,440.1,0,58,0,0,0,0,0,0,0,0,0,0
毛针织衫,218.45,0,85,0,0,0,0,0,0,0,0,0,0
中老年女装,372.44,0,41,0,0,0,0,0,0,0,0,0,0
中老年女装,325.44,0,43,0,0,0,0,0,0,0,0,0,0
中老年女装,377.3,0,80,0,0,0,0,0,0,0,0,0,0
中老年女装,315.65,1,204,19,93.14,19,0.49,0,0,0,0,0,0
中老年女装,215.18,0,84,0,0,0,0,0,0,0,0,0,0
毛针织衫,443.33,0,24,0,0,0,0,0,0,0,0,0,0
中老年女装,191.71,0,14,0,0,0,0,0,0,0,0,0,0
中老年女装,254.61,1,62,10,161.29,10,1.61,0,0,0,0,0,0
中老年女装,244.53,0,15,0,0,0,0,0,0,0,0,0,0
中老年女装,778.29,0,7,0,0,0,0,0,0,0,0,0,0
毛针织衫,272.44,0,45,0,0,0,0,0,0,0,0,0,0
毛针织衫,345.47,0,58,0,0,0,0,0,0,0,0,0,0
毛衣,205.45,0,11,0,0,0,0,0,0,0,0,0,0
毛针织衫,375.86,1,512,16,31.25,16,0.2,0,0,0,0,0,0
毛针织衫,702.93,1,43,14,325.58,14,2.33,0,0,0,0,0,0
中老年女装,478.46,0,26,0,0,0,0,0,0,0,0,0,0
中老年女装,534.64,1,247,20,80.97,20,0.4,0,0,16000,0,0,1
中老年女装,142.48,1,91,10,109.89,10,1.1,0,0,0,0,0,0
中老年女装,113.31,1,256,12,46.88,12,0.39,0,0,0,0,0,0
毛针织衫,366.53,0,53,0,0,0,0,0,0,0,0,0,0
中老年女装,347.65,0,330,0,0,0,0,0,0,0,0,0,0
毛针织衫,698.17,0,18,0,0,0,0,0,0,0,0,0,0
中老年女装,198.24,0,138,0,0,0,0,0,0,0,0,0,0
毛衣,181.44,0,240,0,0,0,0,0,0,0,0,0,0
中老年女装,262.15,0,52,0,0,0,0,0,0,0,0,0,0
毛针织衫,286.46,0,95,0,0,0,0,0,0,0,0,0,0
毛针织衫,407.51,0,67,0,0,0,0,0,0,0,0,0,0
中老年女装,247.23,0,80,0,0,0,0,0,0,0,0,0,0
毛衣,116.72,0,206,0,0,0,0,0,0,0,0,0,0
中老年女装,834.2,1,92,15,163.04,15,1.09,0,0,0,0,0,0
中老年女装,225.02,0,61,0,0,0,0,0,0,0,0,0,0
毛针织衫,457.13,0,144,0,0,0,0,0,0,0,0,0,0
中老年女装,145.08,0,228,0,0,0,0,0,0,0,0,0,0
中老年女装,199.11,3,359,46,128.13,15.33,0.84,0,0,0,0,0,0
毛针织衫,200.6,0,410,0,0,0,0,0,0,0,0,0,0
毛针织衫,168.58,0,210,0,0,0,0,0,0,0,0,0,0
毛针织衫,476.52,2,63,40,634.92,20,3.17,1,0,0,0,0,0
中老年女装,415.81,0,59,0,0,0,0,0,0,0,0,0,0
中老年女装,481.24,0,121,0,0,0,0,0,0,0,0,0,0
中老年女装,258.44,0,61,0,0,0,0,0,0,0,0,0,0
毛针织衫,348.43,1,97,20,206.19,20,1.03,0,0,0,0,0,0
中老年女装,261.54,1,179,7,39.11,7,0.56,0,0,0,0,0,0
中老年女装,300.39,1,137,10,72.99,10,0.73,0,0,0,0,0,0
中老年女装,150.61,0,104,0,0,0,0,0,0,0,0,0,0
中老年女装,235.75,0,361,0,0,0,0,0,0,0,0,0,0
中老年女装,171.72,0,85,0,0,0,0,0,0,0,0,0,0
中老年女装,237.74,0,73,0,0,0,0,0,0,0,0,0,0
毛衣,612.94,0,63,0,0,0,0,0,0,0,0,0,0
毛针织衫,480.74,0,87,0,0,0,0,0,0,0,0,0,0
中老年女装,171.32,0,78,0,0,0,0,0,0,0,0,0,0
毛针织衫,187.89,0,62,0,0,0,0,0,0,0,0,0,0
毛衣,243.64,0,135,0,0,0,0,0,0,0,0,0,0
毛针织衫,323.98,0,116,0,0,0,0,0,0,0,0,0,0
中老年女装,286.64,0,131,0,0,0,0,0,0,0,0,0,0
毛衣,198,0,236,0,0,0,0,0,0,0,0,0,0
中老年女装,85.23,0,185,0,0,0,0,0,0,0,0,0,0
中老年女装,282.54,0,145,0,0,0,0,0,0,0,0,0,0
中老年女装,585.5,0,50,0,0,0,0,0,0,0,0,0,0
毛针织衫,370.37,0,126,0,0,0,0,0,0,0,0,0,0
毛针织衫,228.84,0,44,0,0,0,0,0,0,0,0,0,0
中老年女装,174.6,0,396,0,0,0,0,0,0,0,0,0,0
中老年女装,290.4,0,124,0,0,0,0,0,0,0,0,0,0
中老年女装,713.4,0,10,0,0,0,0,0,0,0,0,0,0
中老年女装,188.54,0,544,0,0,0,0,0,0,0,0,0,0
毛针织衫,281,1,319,20,62.7,20,0.31,0,0,0,0,0,0
中老年女装,314.31,0,51,0,0,0,0,0,0,0,0,0,0
毛衣,158.52,0,140,0,0,0,0,0,0,0,0,0,0
中老年女装,226,0,101,0,0,0,0,0,0,0,0,0,0
中老年女装,284.67,0,157,0,0,0,0,0,0,0,0,0,0
毛针织衫,253.16,1,180,8,44.44,8,0.56,0,0,0,0,0,0
中老年女装,291.78,0,101,0,0,0,0,0,0,0,0,0,0
中老年女装,169,0,71,0,0,0,0,0,0,0,0,0,0
毛衣,196.45,0,85,0,0,0,0,0,0,0,0,0,0
中老年女装,167.23,1,111,16,144.14,16,0.9,0,0,0,0,0,0
中老年女装,276.06,0,50,0,0,0,0,0,0,0,0,0,0
中老年女装,446.65,0,80,0,0,0,0,0,0,0,0,0,0
毛针织衫,384.52,0,75,0,0,0,0,0,0,0,0,0,0
毛针织衫,271.05,1,565,4,7.08,4,0.18,0,0,0,0,0,0
毛衣,253.44,0,181,0,0,0,0,0,0,0,0,0,0
中老年女装,323.53,0,34,0,0,0,0,0,0,0,0,0,0
中老年女装,254.69,0,13,0,0,0,0,0,0,0,0,0,0
中老年女装,376.78,0,178,0,0,0,0,0,0,0,0,0,0
毛针织衫,385.37,0,41,0,0,0,0,0,0,0,0,0,0
毛针织衫,123.07,0,56,0,0,0,0,0,0,0,0,0,0
中老年女装,168.6,1,129,16,124.03,16,0.78,0,0,0,0,0,0
中老年女装,204.96,0,96,0,0,0,0,0,0,0,0,0,0
中老年女装,169.36,0,11,0,0,0,0,0,0,0,0,0,0
中老年女装,233.5,0,28,0,0,0,0,0,0,0,0,0,0
毛衣,228.39,0,269,0,0,0,0,0,0,0,0,0,0
中老年女装,110.33,0,81,0,0,0,0,0,0,0,0,0,0
中老年女装,283.21,0,144,0,0,0,0,0,0,0,0,0,0
中老年女装,287.36,0,28,0,0,0,0,0,0,0,0,0,0
中老年女装,282.34,0,59,0,0,0,0,0,0,0,0,0,0
中老年女装,310.2,0,112,0,0,0,0,0,0,0,0,0,0
中老年女装,329.6,0,94,0,0,0,0,0,0,0,0,0,0
中老年女装,292.34,0,255,0,0,0,0,0,0,0,0,0,0
中老年女装,688.29,0,62,0,0,0,0,0,0,0,0,0,0
中老年女装,416.16,0,176,0,0,0,0,0,0,0,0,0,0
中老年女装,435.56,0,354,0,0,0,0,0,0,0,0,0,0
中老年女装,339.95,0,78,0,0,0,0,0,0,0,0,0,0
中老年女装,453.53,0,34,0,0,0,0,0,0,0,0,0,0
中老年女装,361.72,0,36,0,0,0,0,0,0,0,0,0,0
中老年女装,130.27,0,243,0,0,0,0,0,0,0,0,0,0
中老年女装,379.29,1,129,10,77.52,10,0.78,0,0,0,0,0,0
中老年女装,184.16,0,63,0,0,0,0,0,0,0,0,0,0
中老年女装,765.44,0,90,0,0,0,0,0,0,0,0,0,0
中老年女装,330,0,77,0,0,0,0,0,0,0,0,0,0
中老年女装,191.5,0,24,0,0,0,0,0,0,0,0,0,0
中老年女装,441.46,2,114,22,192.98,11,1.75,0,0,0,0,0,0
中老年女装,556.23,0,57,0,0,0,0,0,0,0,0,0,0
中老年女装,169.7,7,1814,75,41.35,10.71,0.39,0,0,0,0,0,0
中老年女装,396.69,0,252,0,0,0,0,0,0,0,0,0,0
中老年女装,473.69,0,210,0,0,0,0,0,0,0,0,0,0
中老年女装,294.98,0,131,0,0,0,0,0,0,0,0,0,0
中老年女装,314.13,0,61,0,0,0,0,0,0,0,0,0,0
中老年女装,428.61,0,31,0,0,0,0,0,0,0,0,0,0
中老年女装,366.31,0,35,0,0,0,0,0,0,0,0,0,0
中老年女装,562.21,0,62,0,0,0,0,0,0,0,0,0,0
中老年女装,187.34,1,232,20,86.21,20,0.43,0,0,0,0,0,0
中老年女装,172.92,7,1767,93,52.63,13.29,0.4,0,0,0,0,0,0
T恤,85.01,0,128,0,0,0,0,0,0,0,0,0,0
小背心/小吊带,316.61,1,658,47,71.43,47,0.15,0,0,0,0,0,0
蕾丝衫/雪纺衫,440.56,0,1223,0,0,0,0,0,0,0,0,0,0
T恤,73.89,0,158,0,0,0,0,0,0,0,0,0,0
蕾丝衫/雪纺衫,517.83,0,955,0,0,0,0,0,0,0,0,0,0
皮草,82.33,3,2133,73,34.22,24.33,0.14,0,0,0,0,0,0
小背心/小吊带,149.63,0,408,0,0,0,0,0,0,0,0,0,0
小背心/小吊带,271.26,1,447,29,64.88,29,0.22,0,0,0,0,0,0
毛呢外套,131.49,1,1789,46,25.71,46,0.06,0,0,0,0,0,0
皮草,80.63,4,3452,120,34.76,30,0.12,0,0,0,0,0,0
T恤,116.7,5,1008,189,187.5,37.8,0.5,0,0,0,0,0,0
皮草,96.27,0,1307,0,0,0,0,0,0,0,0,0,0
皮草,76.49,1,362,37,102.21,37,0.28,0,0,0,0,0,0
皮草,181.75,0,397,0,0,0,0,0,0,0,0,0,0
皮草,148.9,3,2212,162,73.24,54,0.14,0,0,0,0,0,0
T恤,267.17,3,745,131,175.84,43.67,0.4,0,0,0,0,0,0
小背心/小吊带,280.91,2,1003,80,79.76,40,0.2,0,0,0,0,0,0
T恤,268.51,1,423,48,113.48,48,0.24,0,0,0,0,0,0
小背心/小吊带,132.19,12,2712,737,271.76,61.42,0.44,2,0,2800,0,0,1
皮草,128.05,3,1245,127,102.01,42.33,0.24,0,0,0,0,0,0
小背心/小吊带,271.88,1,1138,53,46.57,53,0.09,0,0,0,0,0,0
婚纱/旗袍/礼服,299.07,5,912,84,92.11,16.8,0.55,0,0,0,0,0,0
婚纱/旗袍/礼服,357.14,1,658,11,16.72,11,0.15,0,0,0,0,0,0
婚纱/旗袍/礼服,344.14,0,500,0,0,0,0,0,0,0,0,0,0
裤子,418,0,12,0,0,0,0,0,0,0,0,0,0
裤子,98.17,3,1114,174,156.19,58,0.27,0,0,0,0,0,0
裤子,118.17,0,109,0,0,0,0,0,0,0,0,0,0
裤子,89.45,0,151,0,0,0,0,0,0,0,0,0,0
连衣裙,336.42,0,100,0,0,0,0,0,0,0,0,0,0
连衣裙,613.69,0,98,0,0,0,0,0,0,0,0,0,0
连衣裙,518.21,0,29,0,0,0,0,0,0,0,0,0,0
连衣裙,327.23,0,64,0,0,0,0,0,0,0,0,0,0
连衣裙,495.44,0,25,0,0,0,0,0,0,0,0,0,0
连衣裙,541.53,0,112,0,0,0,0,0,0,0,0,0,0
T恤,156.69,1,80,13,162.5,13,1.25,0,0,0,0,0,0
连衣裙,801.38,0,55,0,0,0,0,0,0,0,0,0,0
连衣裙,344.89,2,258,57,220.93,28.5,0.78,0,0,0,0,0,0
西装,11.84,51,1069,1081,1011.23,21.2,4.77,3,1,0,0,0,0
T恤,151.33,5,1470,126,85.71,25.2,0.34,0,0,0,0,0,0
连衣裙,380.19,4,3103,205,66.07,51.25,0.13,0,0,0,0,0,0
连衣裙,876.91,3,2832,198,69.92,66,0.11,0,0,0,0,0,0
西装,29.91,423,51746,28462,550.03,67.29,0.82,8,1,34000,0,0,4
连衣裙,453.27,4,2883,317,109.95,79.25,0.14,0,0,0,0,0,0
连衣裙,1022.88,1,204,36,176.47,36,0.49,0,0,0,0,0,0
连衣裙,1705.86,1,136,19,139.71,19,0.74,0,0,0,0,0,0
连衣裙,161.44,0,314,0,0,0,0,0,0,0,0,0,0
连衣裙,124.37,2,130,74,569.23,37,1.54,0,0,0,0,0,0
连衣裙,224.48,0,147,0,0,0,0,0,0,0,0,0,0
连衣裙,337.77,2,623,23,36.92,11.5,0.32,0,0,0,0,0,0
T恤,387.51,1,187,22,117.65,22,0.53,0,0,0,0,0,0
连衣裙,326,0,29,0,0,0,0,0,0,0,0,0,0
连衣裙,292.39,0,51,0,0,0,0,0,0,0,0,0,0
蕾丝衫/雪纺衫,401.81,0,107,0,0,0,0,0,0,0,0,0,0
小背心/小吊带,285.38,0,42,0,0,0,0,0,0,0,0,0,0
裤子,537.89,0,207,0,0,0,0,0,0,0,0,0,0
裤子,367.56,0,54,0,0,0,0,0,0,0,0,0,0
半身裙,283.79,1,223,1,4.48,1,0.45,0,0,0,0,0,0
连衣裙,403.88,0,32,0,0,0,0,0,0,0,0,0,0
半身裙,448.9,0,39,0,0,0,0,0,0,0,0,0,0
连衣裙,422.67,0,24,0,0,0,0,0,0,0,0,0,0
裤子,238.82,0,114,0,0,0,0,0,0,0,0,0,0
裤子,420.41,1,75,19,253.33,19,1.33,0,0,0,0,0,0
连衣裙,349.45,0,11,0,0,0,0,0,0,0,0,0,0
短外套,287.75,1,172,8,46.51,8,0.58,0,0,0,0,0,0
裤子,144.65,0,49,0,0,0,0,0,0,0,0,0,0
牛仔裤,266.2,0,56,0,0,0,0,0,0,0,0,0,0
连衣裙,425.29,0,59,0,0,0,0,0,0,0,0,0,0
T恤,246.19,0,32,0,0,0,0,0,0,0,0,0,0
T恤,328.52,0,81,0,0,0,0,0,0,0,0,0,0
连衣裙,651.01,1,96,7,72.92,7,1.04,0,0,0,0,0,0
裤子,94.91,0,115,0,0,0,0,0,0,0,0,0,0
裤子,225.11,0,75,0,0,0,0,0,0,0,0,0,0
裤子,393.21,0,67,0,0,0,0,0,0,0,0,0,0
衬衫,212.25,0,289,0,0,0,0,0,0,0,0,0,0
连衣裙,535.95,0,56,0,0,0,0,0,0,0,0,0,0
连衣裙,334.64,0,22,0,0,0,0,0,0,0,0,0,0
衬衫,267.97,0,249,0,0,0,0,0,0,0,0,0,0
连衣裙,112.24,0,17,0,0,0,0,0,0,0,0,0,0
裤子,256.05,0,60,0,0,0,0,0,0,0,0,0,0
裤子,215.27,0,82,0,0,0,0,0,0,0,0,0,0
连衣裙,278.19,0,80,0,0,0,0,0,0,0,0,0,0
皮衣,195.44,0,190,0,0,0,0,0,0,0,0,0,0
连衣裙,149.57,9,721,196,271.84,21.78,1.25,1,0,0,0,0,0
T恤,221.62,0,132,0,0,0,0,0,0,0,0,0,0
连衣裙,569.16,0,19,0,0,0,0,0,0,0,0,0,0
T恤,194.55,2,130,31,238.46,15.5,1.54,1,0,0,0,0,0
牛仔裤,242.68,0,28,0,0,0,0,0,0,0,0,0,0
连衣裙,427.16,0,32,0,0,0,0,0,0,0,0,0,0
T恤,395.69,0,39,0,0,0,0,0,0,0,0,0,0
小背心/小吊带,212.41,0,17,0,0,0,0,0,0,0,0,0,0
连衣裙,368.61,1,124,20,161.29,20,0.81,0,0,0,0,0,0
T恤,153.8,0,44,0,0,0,0,0,0,0,0,0,0
毛针织衫,327.59,0,56,0,0,0,0,0,0,0,0,0,0
T恤,446.85,0,13,0,0,0,0,0,0,0,0,0,0
连衣裙,400.69,0,26,0,0,0,0,0,0,0,0,0,0
T恤,305.97,1,100,10,100,10,1,0,0,0,0,0,0
连衣裙,372.95,0,20,0,0,0,0,0,0,0,0,0,0
半身裙,129.06,0,88,0,0,0,0,0,0,0,0,0,0
蕾丝衫/雪纺衫,320.61,1,83,2,24.1,2,1.2,0,0,0,0,0,0
衬衫,141.52,0,216,0,0,0,0,0,0,0,0,0,0
T恤,361.33,0,42,0,0,0,0,0,0,0,0,0,0
皮衣,201.13,0,80,0,0,0,0,0,0,0,0,0,0
半身裙,357.52,0,107,0,0,0,0,0,0,0,0,0,0
连衣裙,350.11,0,131,0,0,0,0,0,0,0,0,0,0
连衣裙,640.33,1,27,25,925.93,25,3.7,0,0,0,0,0,0
连衣裙,315.43,0,84,0,0,0,0,0,0,0,0,0,0
连衣裙,354.67,0,24,0,0,0,0,0,0,0,0,0,0
半身裙,102.74,0,125,0,0,0,0,0,0,0,0,0,0
连衣裙,390.95,0,41,0,0,0,0,0,0,0,0,0,0
毛针织衫,369.81,1,124,10,80.65,10,0.81,0,0,0,0,0,0
牛仔裤,244.67,0,84,0,0,0,0,0,0,0,0,0,0
连衣裙,409.02,0,50,0,0,0,0,0,0,0,0,0,0
衬衫,205.81,1,128,20,156.25,20,0.78,0,0,0,0,0,0
裤子,312.76,0,206,0,0,0,0,0,0,0,0,0,0
T恤,583.8,0,35,0,0,0,0,0,0,0,0,0,0
半身裙,282.82,1,61,8,131.15,8,1.64,0,0,0,0,0,0
毛针织衫,226.24,0,66,0,0,0,0,0,0,0,0,0,0
裤子,144.13,1,154,8,51.95,8,0.65,0,0,0,0,0,0
衬衫,328.48,0,60,0,0,0,0,0,0,0,0,0,0
毛衣,206.42,0,19,0,0,0,0,0,0,0,0,0,0
毛针织衫,413.87,0,15,0,0,0,0,0,0,0,0,0,0
连衣裙,289.11,0,36,0,0,0,0,0,0,0,0,0,0
连衣裙,301.91,1,23,20,869.57,20,4.35,0,0,0,0,0,0
连衣裙,605.47,0,73,0,0,0,0,0,0,0,0,0,0
裤子,289.7,1,150,7,46.67,7,0.67,0,0,0,0,0,0
毛衣,296.68,0,57,0,0,0,0,0,0,0,0,0,0
连衣裙,187.58,0,64,0,0,0,0,0,0,0,0,0,0
毛针织衫,148.23,0,75,0,0,0,0,0,0,0,0,0,0
衬衫,189.55,0,64,0,0,0,0,0,0,0,0,0,0
连衣裙,627.46,0,83,0,0,0,0,0,0,0,0,0,0
连衣裙,268.71,0,17,0,0,0,0,0,0,0,0,0,0
裤子,162.69,0,16,0,0,0,0,0,0,0,0,0,0
连衣裙,200.85,0,123,0,0,0,0,0,0,0,0,0,0
衬衫,280.44,1,50,20,400,20,2,0,0,0,0,0,0
毛针织衫,222.33,0,79,0,0,0,0,0,0,0,0,0,0
皮衣,347.47,10,1129,139,123.12,13.9,0.89,1,0,0,0,0,0
毛针织衫,400.95,2,41,29,707.32,14.5,4.88,1,0,0,0,0,0
连衣裙,278.79,0,42,0,0,0,0,0,0,0,0,0,0
连衣裙,369.94,0,111,0,0,0,0,0,0,0,0,0,0
T恤,168.41,0,162,0,0,0,0,0,0,0,0,0,0
连衣裙,489.07,0,28,0,0,0,0,0,0,0,0,0,0
连衣裙,439.36,0,22,0,0,0,0,0,0,0,0,0,0
T恤,161.68,0,176,0,0,0,0,0,0,0,0,0,0
蕾丝衫/雪纺衫,423.91,0,132,0,0,0,0,0,0,0,0,0,0
裤子,199.76,0,115,0,0,0,0,0,0,0,0,0,0
连衣裙,417.25,0,8,0,0,0,0,0,0,0,0,0,0
半身裙,288.53,1,116,16,137.93,16,0.86,0,0,0,0,0,0
连衣裙,269.83,1,87,12,137.93,12,1.15,0,0,0,0,0,0
T恤,492,0,16,0,0,0,0,0,0,0,0,0,0
衬衫,281.92,0,13,0,0,0,0,0,0,0,0,0,0
连衣裙,78.82,0,180,0,0,0,0,0,0,0,0,0,0
衬衫,330.25,0,44,0,0,0,0,0,0,0,0,0,0
职业套装/学生校服/工作制服,112.92,2,566,36,63.6,18,0.35,0,0,0,0,0,0
裤子,113.93,0,14,0,0,0,0,0,0,0,0,0,0
连衣裙,420.26,0,23,0,0,0,0,0,0,0,0,0,0
卫衣/绒衫,151.38,2,155,35,225.81,17.5,1.29,0,0,0,0,0,0
连衣裙,357.83,2,275,26,94.55,13,0.73,0,0,0,0,0,0
T恤,204.62,1,47,6,127.66,6,2.13,0,0,0,0,0,0
毛衣,246.57,1,495,8,16.16,8,0.2,0,0,0,0,0,0
半身裙,143.28,2,167,28,167.66,14,1.2,0,0,0,0,0,0
连衣裙,201.73,0,22,0,0,0,0,0,0,0,0,0,0
裤子,212.34,4,296,59,199.32,14.75,1.35,0,0,0,0,0,0
T恤,192.63,0,24,0,0,0,0,0,0,0,0,0,0
牛仔裤,329.31,0,26,0,0,0,0,0,0,0,0,0,0
毛针织衫,279.59,1,82,8,97.56,8,1.22,0,0,0,0,0,0
连衣裙,168.54,0,24,0,0,0,0,0,0,0,0,0,0
半身裙,147.2,0,251,0,0,0,0,0,0,0,0,0,0
马夹,134.49,0,78,0,0,0,0,0,0,0,0,0,0
裤子,140.83,1,106,20,188.68,20,0.94,0,0,0,0,0,0
毛衣,207.61,0,62,0,0,0,0,0,0,0,0,0,0
连衣裙,181.78,0,23,0,0,0,0,0,0,0,0,0,0
连衣裙,261.06,0,49,0,0,0,0,0,0,0,0,0,0
连衣裙,447.31,0,32,0,0,0,0,0,0,0,0,0,0
连衣裙,219.18,0,55,0,0,0,0,0,0,0,0,0,0
裤子,199.89,0,18,0,0,0,0,0,0,0,0,0,0
连衣裙,141.76,0,131,0,0,0,0,0,0,0,0,0,0
卫衣/绒衫,316.8,0,109,0,0,0,0,0,0,0,0,0,0
连衣裙,146.62,0,95,0,0,0,0,0,0,0,0,0,0
T恤,424.4,0,5,0,0,0,0,0,0,0,0,0,0
T恤,146.3,2,158,29,183.54,14.5,1.27,0,0,0,0,0,0
T恤,119.52,0,197,0,0,0,0,0,0,0,0,0,0
小背心/小吊带,327.98,0,120,0,0,0,0,0,0,0,0,0,0
牛仔裤,520.91,0,23,0,0,0,0,0,0,0,0,0,0
毛衣,168.5,1,56,20,357.14,20,1.79,0,0,0,0,0,0
T恤,101.13,0,16,0,0,0,0,0,0,0,0,0,0
裤子,205.8,1,88,11,125,11,1.14,0,0,0,0,0,0
T恤,286.61,0,74,0,0,0,0,0,0,0,0,0,0
连衣裙,259.81,0,32,0,0,0,0,0,0,0,0,0,0
连衣裙,239.07,0,46,0,0,0,0,0,0,0,0,0,0
连衣裙,92.69,0,105,0,0,0,0,0,0,0,0,0,0
T恤,131.69,4,419,84,200.48,21,0.95,0,0,0,0,0,0
毛针织衫,289,0,11,0,0,0,0,0,0,0,0,0,0
毛衣,163.02,3,957,48,50.16,16,0.31,0,0,0,0,0,0
T恤,176.53,1,103,22,213.59,22,0.97,0,0,0,0,0,0
裤子,297.42,1,327,16,48.93,16,0.31,0,0,0,0,0,0
蕾丝衫/雪纺衫,135.26,6,324,70,216.05,11.67,1.85,0,0,0,0,0,0
裤子,126.06,0,184,0,0,0,0,0,0,0,0,0,0
牛仔裤,296.08,1,36,11,305.56,11,2.78,0,0,0,0,0,0
裤子,66.36,0,14,0,0,0,0,0,0,0,0,0,0
衬衫,379.88,0,51,0,0,0,0,0,0,0,0,0,0
毛针织衫,257.23,0,74,0,0,0,0,0,0,0,0,0,0
连衣裙,184.44,0,16,0,0,0,0,0,0,0,0,0,0
裤子,190.59,0,32,0,0,0,0,0,0,0,0,0,0
连衣裙,209.1,1,59,5,84.75,5,1.69,0,0,0,0,0,0
连衣裙,83.04,0,573,0,0,0,0,0,0,0,0,0,0
连衣裙,568.89,1,136,12,88.24,12,0.74,0,0,0,0,0,0
卫衣/绒衫,130.98,1,113,20,176.99,20,0.88,0,0,0,0,0,0
连衣裙,306.09,0,116,0,0,0,0,0,0,0,0,0,0
毛针织衫,318.63,0,24,0,0,0,0,0,0,0,0,0,0
T恤,125.49,0,167,0,0,0,0,0,0,0,0,0,0
蕾丝衫/雪纺衫,292.9,0,68,0,0,0,0,0,0,0,0,0,0
连衣裙,293.47,0,109,0,0,0,0,0,0,0,0,0,0
连衣裙,229.16,0,90,0,0,0,0,0,0,0,0,0,0
连衣裙,441.33,0,42,0,0,0,0,0,0,0,0,0,0
连衣裙,74.91,0,22,0,0,0,0,0,0,0,0,0,0
连衣裙,306.57,0,28,0,0,0,0,0,0,0,0,0,0
连衣裙,220,2,29,38,1310.34,19,6.9,0,0,0,0,0,0
半身裙,316.13,1,158,22,139.24,22,0.63,0,0,0,0,0,0
衬衫,169.26,0,27,0,0,0,0,0,0,0,0,0,0
T恤,395.63,0,187,0,0,0,0,0,0,0,0,0,0
小背心/小吊带,341.62,0,55,0,0,0,0,0,0,0,0,0,0
毛针织衫,304.1,0,147,0,0,0,0,0,0,0,0,0,0
连衣裙,77.62,0,26,0,0,0,0,0,0,0,0,0,0
连衣裙,190.24,1,54,18,333.33,18,1.85,0,0,0,0,0,0
衬衫,485.61,0,122,0,0,0,0,0,0,0,0,0,0
连衣裙,205.89,0,57,0,0,0,0,0,0,0,0,0,0
连衣裙,142.25,0,89,0,0,0,0,0,0,0,0,0,0
裤子,355.64,0,242,0,0,0,0,0,0,0,0,0,0
裤子,198.4,3,332,56,168.67,18.67,0.9,0,0,0,0,0,0
T恤,174.94,0,17,0,0,0,0,0,0,0,0,0,0
裤子,129.15,0,59,0,0,0,0,0,0,0,0,0,0
半身裙,330.95,0,326,0,0,0,0,0,0,0,0,0,0
裤子,369.96,0,299,0,0,0,0,0,0,0,0,0,0
T恤,97.56,1,318,22,69.18,22,0.31,0,0,0,0,0,0
T恤,238.24,2,59,27,457.63,13.5,3.39,0,0,0,0,0,0
裤子,56.27,0,11,0,0,0,0,0,0,0,0,0,0
毛针织衫,290.83,1,182,22,120.88,22,0.55,0,0,0,0,0,0
连衣裙,481.53,0,85,0,0,0,0,0,0,0,0,0,0
毛针织衫,199.92,0,418,0,0,0,0,0,0,0,0,0,0
西装,599.28,0,82,0,0,0,0,0,0,0,0,0,0
连衣裙,70.51,0,70,0,0,0,0,0,0,0,0,0,0
连衣裙,320.36,0,11,0,0,0,0,0,0,0,0,0,0
衬衫,388.23,0,48,0,0,0,0,0,0,0,0,0,0
半身裙,224.89,0,212,0,0,0,0,0,0,0,0,0,0
连衣裙,162.78,0,58,0,0,0,0,0,0,0,0,0,0
皮衣,212.63,0,80,0,0,0,0,0,0,0,0,0,0
蕾丝衫/雪纺衫,203.33,0,203,0,0,0,0,0,0,0,0,0,0
皮衣,281.2,0,357,0,0,0,0,0,0,0,0,0,0
毛针织衫,290.99,0,140,0,0,0,0,0,0,0,0,0,0
连衣裙,242.17,0,42,0,0,0,0,0,0,0,0,0,0
衬衫,349.64,0,11,0,0,0,0,0,0,0,0,0,0
毛针织衫,363.17,0,180,0,0,0,0,0,0,0,0,0,0
T恤,117.26,0,61,0,0,0,0,0,0,0,0,0,0
T恤,206.61,0,80,0,0,0,0,0,0,0,0,0,0
裤子,209.86,0,43,0,0,0,0,0,0,0,0,0,0
毛衣,258.5,0,64,0,0,0,0,0,0,0,0,0,0
连衣裙,266.08,0,13,0,0,0,0,0,0,0,0,0,0
连衣裙,210.19,0,47,0,0,0,0,0,0,0,0,0,0
风衣,459.06,0,282,0,0,0,0,0,0,0,0,0,0
连衣裙,151.53,0,99,0,0,0,0,0,0,0,0,0,0
连衣裙,337.32,0,28,0,0,0,0,0,0,0,0,0,0
裤子,79.05,0,172,0,0,0,0,0,0,0,0,0,0
连衣裙,179.6,0,99,0,0,0,0,0,0,0,0,0,0
连衣裙,147.21,1,184,22,119.57,22,0.54,0,0,0,0,0,0
连衣裙,595.7,0,178,0,0,0,0,0,0,0,0,0,0
毛针织衫,204.65,0,23,0,0,0,0,0,0,0,0,0,0
连衣裙,263.28,0,18,0,0,0,0,0,0,0,0,0,0
连衣裙,407.06,1,68,10,147.06,10,1.47,1,0,0,0,0,0
毛衣,250.34,0,157,0,0,0,0,0,0,0,0,0,0
连衣裙,314.27,0,11,0,0,0,0,0,0,0,0,0,0
裤子,235.83,0,6,0,0,0,0,0,0,0,0,0,0
连衣裙,197.37,0,19,0,0,0,0,0,0,0,0,0,0
衬衫,317.64,1,176,14,79.55,14,0.57,0,0,0,0,0,0
裤子,172.93,0,56,0,0,0,0,0,0,0,0,0,0
裤子,154.07,0,29,0,0,0,0,0,0,0,0,0,0
T恤,539.04,0,122,0,0,0,0,0,0,0,0,0,0
连衣裙,330.81,0,54,0,0,0,0,0,0,0,0,0,0
蕾丝衫/雪纺衫,227.49,0,37,0,0,0,0,0,0,0,0,0,0
毛针织衫,192.34,0,88,0,0,0,0,0,0,0,0,0,0
连衣裙,779.89,0,322,0,0,0,0,0,0,0,0,0,0
连衣裙,184.9,0,42,0,0,0,0,0,0,0,0,0,0
毛针织衫,221.47,4,420,49,116.67,12.25,0.95,0,0,0,0,0,0
衬衫,227.55,1,53,13,245.28,13,1.89,0,0,0,0,0,0
皮衣,322.47,0,146,0,0,0,0,0,0,0,0,0,0
卫衣/绒衫,170.85,0,134,0,0,0,0,0,0,0,0,0,0
短外套,47.2,4,275,47,170.91,11.75,1.45,1,0,0,0,0,0
衬衫,174.12,0,49,0,0,0,0,0,0,0,0,0,0
连衣裙,167.16,4,589,67,113.75,16.75,0.68,1,0,0,0,0,0
皮草,67.78,1,631,12,19.02,12,0.16,0,0,0,0,0,0
裤子,66.1,1,107,22,205.61,22,0.93,0,0,0,0,0,0
羽绒服,120.65,1,102,27,264.71,27,0.98,0,0,0,0,0,0
短外套,148.96,14,4929,665,134.92,47.5,0.28,3,0,0,0,0,0
连衣裙,154.54,32,3490,1507,431.81,47.09,0.92,4,0,19982,0,0,1
衬衫,288.24,0,962,0,0,0,0,0,0,0,0,0,0
羽绒服,87.39,43,15169,1865,122.95,43.37,0.28,1,0,0,0,0,0
衬衫,200.6,10,4204,470,111.8,47,0.24,0,0,0,0,0,0
中老年女装,120.93,0,75,0,0,0,0,0,0,0,0,0,0
中老年女装,58.46,1,150,40,266.67,40,0.67,0,0,0,0,0,0
中老年女装,103.06,0,48,0,0,0,0,0,0,0,0,0,0
中老年女装,88.72,0,389,0,0,0,0,0,0,0,0,0,0
中老年女装,375.89,0,61,0,0,0,0,0,0,0,0,0,0
中老年女装,246.4,1,62,49,790.32,49,1.61,0,0,0,0,0,0
中老年女装,167.3,1,310,60,193.55,60,0.32,0,0,0,0,0,0
中老年女装,113.49,0,35,0,0,0,0,0,0,0,0,0,0
中老年女装,432.19,0,27,0,0,0,0,0,0,0,0,0,0
中老年女装,155.11,0,636,0,0,0,0,0,0,0,0,0,0
中老年女装,281.92,0,317,0,0,0,0,0,0,0,0,0,0
中老年女装,162.6,1,72,22,305.56,22,1.39,0,0,0,0,0,0
中老年女装,209.08,5,554,170,306.86,34,0.9,0,0,0,0,0,0
中老年女装,125.21,0,28,0,0,0,0,0,0,0,0,0,0
中老年女装,339.13,0,84,0,0,0,0,0,0,0,0,0,0
中老年女装,193.43,2,283,24,84.81,12,0.71,0,0,0,0,0,0
中老年女装,100.19,0,54,0,0,0,0,0,0,0,0,0,0
中老年女装,270.79,0,153,0,0,0,0,0,0,0,0,0,0
中老年女装,247.35,1,269,35,130.11,35,0.37,0,0,0,0,0,0
中老年女装,386.61,0,80,0,0,0,0,0,0,0,0,0,0
中老年女装,161.94,1,125,43,344,43,0.8,0,0,0,0,0,0
中老年女装,149,0,86,0,0,0,0,0,0,0,0,0,0
中老年女装,215.48,0,61,0,0,0,0,0,0,0,0,0,0
中老年女装,107.29,0,313,0,0,0,0,0,0,0,0,0,0
中老年女装,449.56,0,43,0,0,0,0,0,0,0,0,0,0
衬衫,134.42,0,52,0,0,0,0,0,0,0,0,0,0
中老年女装,271.06,0,31,0,0,0,0,0,0,0,0,0,0
中老年女装,217.06,1,179,42,234.64,42,0.56,0,0,0,0,0,0
中老年女装,240.37,1,65,17,261.54,17,1.54,0,0,0,0,0,0
中老年女装,255.79,0,39,0,0,0,0,0,0,0,0,0,0
中老年女装,140.12,2,101,46,455.45,23,1.98,0,0,0,0,0,0
中老年女装,274.5,0,235,0,0,0,0,0,0,0,0,0,0
中老年女装,221.15,1,150,39,260,39,0.67,0,0,0,0,0,0
中老年女装,228.55,0,47,0,0,0,0,0,0,0,0,0,0
中老年女装,184.17,0,48,0,0,0,0,0,0,0,0,0,0
中老年女装,186.11,2,56,84,1500,42,3.57,0,0,0,0,0,0
中老年女装,63.71,0,17,0,0,0,0,0,0,0,0,0,0
中老年女装,565.6,0,169,0,0,0,0,0,0,0,0,0,0
衬衫,345.75,1,229,19,82.97,19,0.44,0,0,0,0,0,0
中老年女装,74.74,1,46,30,652.17,30,2.17,0,0,0,0,0,0
中老年女装,131.09,0,76,0,0,0,0,0,0,0,0,0,0
中老年女装,165.48,6,1375,269,195.64,44.83,0.44,0,0,0,0,0,0
中老年女装,256.32,1,96,56,583.33,56,1.04,0,0,0,0,0,0
中老年女装,158.72,4,879,129,146.76,32.25,0.46,0,0,0,0,0,0
中老年女装,241.35,0,142,0,0,0,0,0,0,0,0,0,0
中老年女装,146.07,6,591,207,350.25,34.5,1.02,0,0,0,0,0,0
中老年女装,258.87,0,93,0,0,0,0,0,0,0,0,0,0
中老年女装,132.02,2,204,92,450.98,46,0.98,0,0,0,0,0,0
中老年女装,109.29,2,307,44,143.32,22,0.65,0,0,0,0,0,0
中老年女装,202.47,1,700,24,34.29,24,0.14,0,0,0,0,0,0
中老年女装,491.4,1,204,28,137.25,28,0.49,0,0,0,0,0,0
中老年女装,210.98,7,863,296,342.99,42.29,0.81,0,0,0,0,0,0
中老年女装,135.67,1,451,32,70.95,32,0.22,0,0,0,0,0,0
中老年女装,234.27,0,15,0,0,0,0,0,0,0,0,0,0
中老年女装,351.19,4,800,116,145,29,0.5,0,0,0,0,0,0
中老年女装,193.1,0,151,0,0,0,0,0,0,0,0,0,0
中老年女装,696.22,2,315,95,301.59,47.5,0.63,0,0,0,0,0,0
中老年女装,175.68,0,34,0,0,0,0,0,0,0,0,0,0
中老年女装,264.46,3,426,78,183.1,26,0.7,0,0,0,0,0,0
中老年女装,306.96,1,335,20,59.7,20,0.3,0,0,0,0,0,0
中老年女装,136.12,2,130,67,515.38,33.5,1.54,0,0,0,0,0,0
中老年女装,219.69,0,239,0,0,0,0,0,0,0,0,0,0
中老年女装,192.53,1,175,40,228.57,40,0.57,0,0,0,0,0,0
中老年女装,353.04,2,134,63,470.15,31.5,1.49,0,0,0,0,0,0
中老年女装,203.03,4,317,145,457.41,36.25,1.26,0,0,0,0,0,0
中老年女装,469.36,0,247,0,0,0,0,0,0,0,0,0,0
中老年女装,91.44,2,1313,82,62.45,41,0.15,0,0,0,0,0,0
中老年女装,314.54,0,213,0,0,0,0,0,0,0,0,0,0
中老年女装,113.63,2,602,52,86.38,26,0.33,0,0,0,0,0,0
中老年女装,171.58,1,447,10,22.37,10,0.22,0,0,0,0,0,0
中老年女装,305.06,2,364,60,164.84,30,0.55,0,0,0,0,0,0
中老年女装,167.99,0,201,0,0,0,0,0,0,0,0,0,0
中老年女装,127.94,0,676,0,0,0,0,0,0,0,0,0,0
中老年女装,394.8,1,338,59,174.56,59,0.3,0,0,0,0,0,0
中老年女装,711.74,0,387,0,0,0,0,0,0,0,0,0,0
中老年女装,380.11,3,533,158,296.44,52.67,0.56,1,0,0,0,0,0
中老年女装,338.09,2,408,60,147.06,30,0.49,0,0,0,0,0,0
中老年女装,111.76,0,237,0,0,0,0,0,0,0,0,0,0
中老年女装,163.55,0,97,0,0,0,0,0,0,0,0,0,0
中老年女装,175.63,0,82,0,0,0,0,0,0,0,0,0,0
中老年女装,241.57,0,188,0,0,0,0,0,0,0,0,0,0
中老年女装,121.88,1,160,21,131.25,21,0.63,0,0,0,0,0,0
中老年女装,204.48,1,344,15,43.6,15,0.29,0,0,0,0,0,0
中老年女装,265.84,3,301,132,438.54,44,1,0,0,0,0,0,0
中老年女装,175.71,0,21,0,0,0,0,0,0,0,0,0,0
中老年女装,177.19,0,248,0,0,0,0,0,0,0,0,0,0
中老年女装,184.23,0,355,0,0,0,0,0,0,0,0,0,0
中老年女装,201.57,2,263,37,140.68,18.5,0.76,0,0,0,0,0,0
中老年女装,327.73,2,298,71,238.26,35.5,0.67,0,0,0,0,0,0
中老年女装,52.91,0,186,0,0,0,0,0,0,0,0,0,0
中老年女装,359.87,1,101,41,405.94,41,0.99,0,0,0,0,0,0
中老年女装,97.31,0,122,0,0,0,0,0,0,0,0,0,0
中老年女装,90.33,19,1858,991,533.37,52.16,1.02,1,0,0,0,0,0
中老年女装,269.06,0,361,0,0,0,0,0,0,0,0,0,0
中老年女装,97.33,63,16778,5881,350.52,93.35,0.38,1,0,0,0,0,0
中老年女装,346.24,4,1096,154,140.51,38.5,0.36,0,0,0,0,0,0
中老年女装,489.76,3,770,127,164.94,42.33,0.39,0,0,0,0,0,0
